freebase:id,wikipedia:id,viaf:id,lcnaf:id,moma:id,vanda:id,ima:id,ch:id,ch:name
,22528480,0,0,0,0,0,18040903,"Jack Lenor Larsen"
/m/04grt38,18765167,0,0,0,0,0,18040933,"Tucker Viemeister"
/m/02r4rz2,11239818,0,0,0,0,0,18040947,"Sue Palmer"
,32855143,0,0,0,0,0,18040949,"Michele Oka Doner"
/m/0f94vg,5854220,0,0,0,0,0,18041023,"Vladimir Kagan"
/m/078zrz,2393913,0,0,0,0,0,18041025,"Hiroshi Awatsuji"
,1697559,0,0,1619,0,0,18041029,"Henry Dreyfuss Associates"
,857967,0,0,0,0,0,18041077,"Donald Cameron"
,34056483,0,0,0,0,0,18041081,"Création Baumann AG"
/m/03h3x_c,14989908,0,0,0,3536,0,18041127,"Per Arnoldi"
/m/03c38sz,13375570,0,0,5800,0,0,18041173,"Ikko Tanaka"
/m/0589sr9,20811216,0,0,0,0,0,18041253,"Richard Arbib"
/m/0gyvvwk,30129469,0,0,0,0,0,18041321,"Maya Romanoff"
,32336860,0,0,2005,0,0,18041325,"Dan Friedman"
/m/0ccj4,45534,100223891,0,7661,0,0,18041345,"Aldo Rossi"
,2879346,0,0,0,0,0,18041393,"John Bruce"
/m/0bp_jq,4207229,0,0,8451,0,0,18041437,"Dieter Rams"
/m/05p6rp,1697559,8198939,0,0,0,0,18041501,"Henry Dreyfuss"
/m/01gx66,225721,0,0,0,0,0,18041507,"Honeywell, Inc."
,563788,0,0,0,0,0,18041523,"Tibor Kalman"
/m/05z_tr_,22481954,0,0,0,0,18308365,18041543,"Belle Kogan"
,11207829,0,0,8271,0,0,18041625,"Edward Fella"
/m/0dcmnj,5285932,0,0,7456,0,0,18041683,"Art Chantry"
/m/01p60k,274837,0,0,0,0,0,18041809,"Cranbrook Academy of Art"
/m/0c8fsq,4550992,0,0,2330,0,0,18041839,"April Greiman"
/m/03mnk,21347024,0,0,0,0,0,18041847,Hewlett-Packard
/m/03sc8,18622259,0,0,7636,37577,0,18041871,IBM
/m/07zy60,2720986,0,0,0,2601,0,18041911,"Jean Le Pautre"
/m/036wbz,735328,0,0,0,0,0,18041915,"Giulio Romano"
/m/0273cw7,8436986,0,0,0,0,0,18041919,"Giovanni Francesco Romanelli"
/m/04ggyzk,18749130,0,0,3020,0,0,18041923,"Edward McKnight Kauffer"
/m/05ccb7,1571706,0,0,0,1440,18297497,18041933,"Wenceslaus Hollar"
/m/027yjg9,9123961,0,0,0,0,0,18041935,"Pietro Novelli"
/m/01pkdk,277766,42087786,0,0,0,0,18041941,"Frederic Edwin Church"
,1121043,0,0,0,0,0,18041943,"Daniel Huntington"
,2590067,0,0,0,0,0,18041945,"Jean Bérain"
/m/01th73,313284,15044075,0,0,0,18300259,18041949,"Winslow Homer"
,35681769,0,0,0,0,0,18041951,"Mauro Gandolfi"
/m/02q78z6,10281195,0,0,0,0,0,18041953,"Vittorio Maria Bigari"
/m/02vfqg,602144,0,0,0,0,0,18041955,"Augustin Pajou"
/m/04y8mqg,20155026,0,0,0,0,0,18041971,"Batiste Madalena"
/m/05pbkh,1699063,0,0,0,0,0,18041973,"Donald Deskey"
,182947,0,0,0,51799,0,18041981,"Random House"
/m/059v1j,1552813,0,0,0,0,0,18041985,"Pantheon Books"
,17210825,0,0,0,0,0,18041989,"Asia Institute"
/m/04m8t4,1251967,0,0,0,0,0,18041993,"Princeton University Press"
/m/01gtzn,225297,0,0,2058,0,0,18042001,"Emile Gallé"
/m/02qkqgy,10631870,0,0,0,0,0,18042005,"William Guy Wall"
,5999642,0,0,0,0,0,18042009,"Richard Hudnut"
/m/03f_4x,840224,66562250,0,0,16076,0,18042011,"Joachim von Sandrart"
/m/0cmd7_z,13257278,138088373,0,0,0,0,18042021,"Whitney Warren"
/m/07_pg0,2732559,0,0,0,44613,0,18042023,"Bernard Picart"
/m/05vnsy,1770919,0,0,0,69872,0,18042039,"Zandra Rhodes"
/m/03d1d3k,14352395,0,0,0,0,0,18042041,"Hubert-Francois Gravelot"
/m/0gyt5ql,32335182,0,0,0,0,0,18042043,"John Pine"
,13447,0,0,0,42063,0,18042045,"Horace Walpole"
/m/02wlk,10683,27148716,0,6459,2519,18299953,18042049,"Frank Lloyd Wright"
/m/015g76,161803,0,0,0,0,0,18042057,"Giovanni Battista Piranesi"
,35877007,0,0,0,0,0,18042067,"Louis-Joseph Le Lorrain"
/m/0cc7ftk,27880988,0,0,0,0,0,18042069,"Frederick Crace"
,15926702,0,0,1091,0,0,18042085,"Ivan Chermayeff"
,1750945,0,0,1122,13526,0,18042087,"Seymour Chwast"
/m/02b0x0,451116,0,0,0,0,0,18042101,"Tim Girvin"
,1008884,0,0,2188,0,0,18042107,"Milton Glaser"
,3792543,0,0,0,0,0,18042113,Albani
/m/039xt,12635,0,0,0,0,0,18042115,"Giovanni Lorenzo Bernini"
/m/05f9tzs,21349329,0,0,0,0,0,18042119,"Domenico Martinelli"
/m/088x45,2882394,0,0,0,0,0,18042121,"Andrea Pozzo"
/m/02vkz_4,11986510,0,0,0,0,0,18042125,"Giacomo Alboresi"
,16456,0,0,0,13312,0,18042131,"John Nash"
/m/05j_bm,1642096,0,0,0,1613,0,18042133,"Stefano della Bella"
/m/0ds3zf,5550776,0,0,0,70660,0,18042135,"Pierre-Jean Mariette"
/m/02866jt,9368918,0,0,0,0,0,18042139,"Domenico Piola"
/m/02qs9m8,10861151,0,0,0,0,0,18042141,"Giovanni Odazzi"
/m/02qs8w0,10860230,0,0,0,0,0,18042143,"Giuseppe Nicola Nasini"
/m/02qblj1,10397010,0,0,0,0,0,18042147,"Angelo Michele Colonna"
/m/02pr6zk,9756428,0,0,0,0,0,18042149,"Antonio Gherardi"
/m/05y7h,23789,0,0,0,9309,0,18042153,"Pope Alexander VII"
,21019,0,0,0,15872,0,18042155,Michelangelo
/m/03z00b,1011185,0,0,0,0,0,18042161,"Baldassare Longhena"
/m/0glnxhx,31521822,0,0,0,0,0,18042163,"Isaac de Moucheron"
/m/0ftqtd,6166578,0,0,0,0,0,18042167,"François-Joseph Belanger"
/m/02812f9,9232429,0,0,0,0,0,18042171,"Antoine Berjon"
,6605552,0,0,0,0,0,18042183,"Charles Huntington"
,274102,0,0,0,0,0,18042185,"Albert Gallatin"
/m/031tgq,673729,0,0,0,0,0,18042187,"James Lenox"
,2303661,0,0,0,0,0,18042189,"William E. Dodge"
/m/01vb2,21490963,0,0,0,0,0,18042193,"Chester A. Arthur"
/m/01ftf7,217320,7411341,0,0,0,0,18042195,"Carl Schurz"
,4411903,0,0,0,0,0,18042197,"Evan Thomas"
,372163,0,0,0,0,0,18042203,"Peter Cooper"
/m/01h33_,227131,0,0,8350,0,0,18042211,"Nicolaus Ott"
/m/03nzbq,908990,46764198,0,0,0,0,18042217,"Raymond Loewy"
,8002647,0,0,0,0,0,18042219,"Carlo Galli Bibiena"
,8002647,0,0,0,0,0,18042221,"Francesco Galli Bibiena"
,8002647,0,0,0,0,0,18042223,"Bibiena Family"
/m/026m_6n,7998912,0,0,0,0,0,18042225,"Ferdinando Galli Bibiena"
,8002647,0,0,0,0,0,18042227,"Alessandro Galli Bibiena"
/m/01vt1c,323254,0,0,0,0,0,18042233,"Daniel Marot"
,400646,0,0,0,0,0,18042237,"Thomas Moran"
,364796,0,0,0,0,0,18042253,Vassar
,170810,0,0,0,0,0,18042269,"Radio City Music Hall"
,709187,0,0,0,0,0,18042275,Wiener
,479944,0,0,0,0,18308705,18042279,Alcoa
,5149109,0,0,0,0,0,18042283,"B. L."
/m/06vlrs,2202554,0,0,0,0,0,18042285,"William Trost Richards"
/m/05x8yl,1791534,59448095,0,0,0,0,18042291,"Francis Hopkinson Smith"
/m/03d29gn,14390708,42641268,0,0,0,0,18042301,"William Stanley Haseltine"
/m/0464sff,17628189,0,0,0,0,0,18042307,"Jayme Odgers"
/m/09gb9y7,23249452,0,0,0,0,0,18042311,"Katherine McCoy"
,197544,0,0,8434,38404,0,18042323,Pentagram
/m/06_xmt9,23804512,0,0,4639,42647,0,18042325,"Woody Pirtle"
/m/0c_x5j,5036398,0,0,6155,0,0,18042329,"Massimo Vignelli"
/m/019rd,4031,0,0,2030,0,0,18042337,"R.Buckminster Fuller"
,206029,0,0,4809,0,0,18042341,"Paul Rand"
/m/03gxm9,849349,0,0,372,13698,0,18042343,"Saul Bass"
,141330,0,0,3859,0,18301859,18042345,"Peter Max"
/m/05f5m4s,21270337,0,0,0,0,0,18042347,"Tom Geismar"
,2615534,0,0,0,0,0,18042351,"Peter Bradford"
/m/02pnh43,9662674,0,0,0,0,0,18042355,"Michael Vanderbyl"
,2394121,0,0,0,0,0,18042367,"Earl Woods"
/m/0278wby,8583897,0,0,0,0,0,18042373,"Daniel Hopfer"
/m/02vrtkm,12160547,0,0,0,32162,0,18042375,"Jean-Baptiste Monnoyer"
/m/0gvv9_j,31950633,0,0,0,0,0,18042387,"Jacques de Lajoüe"
/m/02rvj2g,11848841,0,0,0,0,0,18042393,"Etienne de Lavallée-Poussin"
/m/028b24c,9467613,0,0,0,0,0,18042405,"Felice Giani"
/m/02pyk1w,9973655,0,0,0,0,0,18042407,"Jean-Baptiste Pillement"
/m/069zhm,1971257,28214692,0,0,0,0,18042411,"Samuel Colman"
/m/0bmgbxs,26722306,0,0,0,0,0,18042413,"Henri Jacob"
/m/0c_mmc,5030476,0,0,0,9925,0,18042415,"Georges Jacob"
/m/0l2tk,82058,0,0,0,0,0,18042421,"Brigham Young University"
,378325,0,0,1547,0,0,18042429,"Jim Dine"
/m/027lxmb,8848768,0,0,0,0,0,18042465,"John Follis"
/m/096r5p,3341760,109372554,0,0,0,0,18042477,"Gilbert Seldes"
,28806356,0,0,0,0,0,18042479,Carlebach
/m/0d4nfl,5140732,0,0,0,0,0,18042481,"Benjamin Dean Wyatt"
,69880,0,0,0,68699,0,18042489,"Napoleon Bonaparte"
/m/018dlc,178877,0,0,0,4340,18299901,18042493,"Sir Edward Burne-Jones"
/m/07tlss,2639809,0,0,0,0,0,18042501,"Jacques Sarazin"
,2431142,0,0,0,0,0,18042503,"Condé Nast"
,432397,0,0,0,45217,0,18042509,"Deere & Company"
,948203,0,0,0,0,0,18042513,"Hugh Ferriss"
,43357,0,0,0,8720,18298933,18042515,"Katsushika Hokusai"
,2744321,0,0,0,49801,0,18042527,Rubin
,902105,0,0,0,0,0,18042529,"Jusepe de Ribera"
,4667874,0,0,0,0,0,18042541,"Ely Jacques Kahn"
/m/05f8f81,21323102,0,0,0,37798,0,18042557,"Jean-Guillaume Moitte"
/m/05n_kgm,22130580,0,0,0,49402,0,18042559,"Gabriel Huquier"
/m/01k7k8,242867,46882028,0,0,208,18298649,18042561,"Antoine Watteau"
/m/051lb9,1438494,0,0,0,0,18296803,18042565,"Girolamo da Carpi"
/m/03fz_9,840190,0,0,0,0,0,18042567,"Abraham Bloemaert"
/m/021f63,379665,0,0,2407,0,0,18042569,"Hector Guimard"
/m/026pz6n,8055836,0,0,0,0,0,18042571,"Israhel van Meckenem"
/m/026xb3_,8237874,0,0,0,0,0,18042573,"Francesco Trevisani"
,7071834,0,0,0,0,0,18042575,"Moses Taylor"
/m/03cm4xd,13884882,0,0,0,0,0,18042581,"Andrea Boscoli"
/m/06grgz,2036265,46771018,0,0,0,0,18042589,"Giovanni Domenico Tiepolo"
/m/01fr20,216781,0,0,0,0,0,18042591,"Giovanni-Battista Tiepolo"
/m/098x8z,3386316,0,0,0,0,0,18042593,"Giovanni Battista Foggini"
,11800983,0,0,0,0,0,18042603,"Daily Herald"
/m/0bz8tz,4363290,0,0,0,0,0,18042621,"Ferdinando Fuga"
/m/0bz427,4360470,0,0,0,40651,0,18042631,"Carlo Marchionni"
/m/03crg7c,14027539,0,0,0,74483,0,18042635,"Carlo Antonio Buffagnotti"
,2631276,0,0,0,0,0,18042637,"Jacopo Ligozzi"
/m/02vz1st,12288794,0,0,0,0,0,18042641,"Giovanni Battista Natali"
/m/01fcrg,214213,27084155,0,0,49618,0,18042645,"Andrea Mantegna"
/m/0cnz5c7,28327831,0,0,0,0,0,18042651,"Nicola Fiore"
/m/0h7mqqk,33313404,0,0,0,0,0,18042655,"Jean-Jacques-François Le Barbier"
/m/0506cv,1421679,88072957,0,0,0,0,18042657,"Juste-Aurèle Meissonnier"
/m/0gx8fy,6924542,0,0,0,75283,0,18042663,"Nicolas Pineau"
/m/0kt1vq,7649599,0,0,0,0,0,18042665,"Charles de Wailly"
/m/09_wqs,3784876,0,0,0,0,0,18042671,"Giacomo Quarenghi"
/m/0b1_by,3827106,0,0,0,0,0,18042675,"Giuseppe Valadier"
/m/03hjqg9,15137196,0,0,0,0,0,18042679,"Pompeo Marchesi"
,492105,0,0,0,75379,18294921,18042681,Unknown
,19940109,0,0,0,0,0,18042685,"Marie Antoinette, Queen of France"
/m/07sq_b,2627241,0,0,0,0,0,18042687,"Jean-Siméon Rousseau"
,5924987,0,0,0,0,0,18042689,"Victor Louis"
/m/03csd7n,14062739,0,0,0,0,0,18042693,"Giocondo Albertolli"
,53408,0,0,2308,0,0,18042695,"Michael Graves"
/m/0gn7jg,6773379,7440183,0,0,0,0,18042697,"Germain Boffrand"
/m/0gg7fn6,31059811,0,0,0,0,0,18042707,"Charles-François Hutin"
,53613,0,0,3910,34579,0,18042729,"Richard Meier"
/m/0383hl,749755,0,0,1784,0,0,18042743,"Alexandra Exter"
/m/026n1fh,8000541,0,0,0,0,0,18042789,"Giuseppe Bernardino Bison"
,8779131,0,0,0,0,0,18042791,"Lewis Davis"
,10052997,0,0,0,0,0,18042803,"Allen Lewis"
/m/0gttlsq,31804004,0,0,0,0,0,18042805,"Marcus de Bye"
/m/0fpk3w3,29610160,0,0,0,0,0,18042813,"Cornelis Visscher"
,1226508,0,0,5627,44593,18300225,18042821,"Saul Steinberg"
,7446914,0,0,0,0,0,18042827,"Francesco Salviati"
,2427645,0,0,0,0,0,18042839,"Ando Hiroshige"
,33815153,0,0,0,0,0,18042849,"Jean DuBois"
/m/019fcl,186100,0,0,0,0,0,18042853,"Arnold Joost van Keppel"
/m/06pl9v,2137897,0,0,0,0,0,18042861,"Rosalba Carriera"
/m/05zqrxb,22715669,0,0,0,0,0,18042871,"François Chauveau"
,1546881,0,0,0,0,0,18042873,"Louis XIV, King of France"
/m/02r1ybn,11156214,0,0,0,0,0,18042877,"Mauro Antonio Tesi"
,318505,0,0,6390,38759,0,18042881,"Robert Wilson"
/m/0gw_68n,32017546,0,0,0,9666,0,18042887,"Etienne Delaune"
,492105,0,0,0,0,0,18042891,Unknown
/m/03d13r0,14343534,0,0,0,0,0,18042893,"Pierino da Vinci"
,332542,0,0,0,0,0,18042897,"Ranuccio Farnese"
/m/08x3kq,3174541,0,0,0,0,0,18042899,"Jean-Jacques Lequeu"
/m/086zrw,2853714,46833997,0,0,0,0,18042909,"Augustus Charles Pugin"
,6769946,0,0,0,0,0,18042925,"Antonio Sarti"
,69246,0,0,0,0,0,18042933,"Pope Pius VII"
/m/02w5sr8,12436909,0,0,0,0,0,18042935,"Giovanni Volpato"
/m/04093,15770,0,0,0,8168,0,18042987,"Jules Verne"
/m/037fkx,741290,0,0,0,0,0,18042989,"Nathaniel Currier"
,5635,0,0,0,0,0,18043003,"Christopher Columbus"
/m/082db,33163,0,0,0,0,0,18043005,"Wolfgang Amadeus Mozart"
,31733682,0,0,0,0,0,18043019,"George Baxter"
/m/0p_nx,102989,0,0,4136,0,0,18043027,"Alphonse Maria Mucha"
/m/077d8t,2374232,0,0,0,12192,18299867,18043031,"Giovanni Benedetto Castiglione"
,44525,0,0,0,39613,18305005,18043051,Raphael
,113575,0,0,0,40645,18295411,18043053,"Robert Adam"
,4254144,0,0,0,3469,18295685,18043087,"Rembrandt Harmensz van Rijn"
/m/0g_6k,63093,0,0,4016,0,0,18043099,"Joan Miró"
/m/09qpn6,3624721,0,0,0,57247,0,18043105,"Francesco Solimena"
/m/06wgyr,2214279,0,0,0,32744,0,18043115,"Heinrich Aldegrever"
/m/0gct_,60203,42630086,0,3832,53324,18298025,18043119,"Henri Matisse"
/m/069k5m,1965843,64934320,0,0,0,0,18043135,"Elihu Vedder"
/m/04qb96c,19909485,0,0,0,0,0,18043137,"Ashbel Holmes Barney"
,103362,0,0,4942,0,0,18043157,"Diego Rivera"
/m/05849t,1527179,0,0,0,0,0,18043161,"Peter Julian"
,8032274,0,0,0,0,0,18043167,"Post No Bills"
,476217,0,0,0,42598,0,18043169,"Guerrilla Girls"
,23221066,0,0,0,0,0,18043171,"Peter Cohen"
/m/0gg8l6_,31040227,0,0,0,0,0,18043185,"Charles Mellin"
,22870438,0,0,0,0,0,18043197,Granger
/m/03m72dq,15398749,42708256,0,0,0,0,18043199,"Clare Francis"
/m/05t00xq,22403434,0,0,3035,0,0,18043215,"Jerry Kearns"
/m/027gc04,8723702,109482861,0,0,0,0,18043217,"Lucy Lippard"
/m/0gvtcdg,31541033,0,0,0,0,0,18043219,"Georgina von Etzdorf"
,3448001,0,0,7098,0,0,18043229,"Seth Tobocman"
/m/07k1_7,2512756,0,0,0,0,0,18043231,"Frank Morales"
,1556298,0,0,0,0,0,18043233,"Peter Kuper"
,33959,0,0,0,0,0,18043237,Caz
/m/04qbzh,1289372,62747615,0,7087,0,0,18043241,"Eric Drooker"
,11526530,0,0,0,0,0,18043245,I.B.
/m/03ltbg,886599,0,0,7110,0,0,18043249,"Avram Finkelstein"
,6538365,0,0,2208,0,0,18043255,"David Lance Goines"
/m/02qqq2q,10810457,0,0,0,0,0,18043259,"Robert Cuni"
/m/0blr14,4149197,0,0,7104,0,0,18043263,"Lady Pink"
,30206742,0,0,0,0,0,18043265,"Nancy Burson"
/m/07vpqj,2654608,95715926,0,1170,0,0,18043271,"Sue Coe"
/m/0g1sc,58821,0,0,0,0,0,18043283,"Taddeo Zuccaro"
,80408,0,0,0,0,0,18043285,Gang
/m/02rvlm3,11850854,0,0,0,0,0,18043287,"Mattia de Rossi"
/m/04z49v,1394585,0,0,0,0,0,18043293,"Charles Martinet"
/m/0606lx,1842275,108760942,0,7570,0,0,18043301,"James Wines"
,761659,0,0,0,0,0,18043305,"Wallace Nutting"
/m/05p00xv,21978570,84867554,94034121,0,0,0,18043309,"Ruth Reeves"
,797121,0,0,0,0,0,18043313,"Crosley Radio Corporation"
/m/06gst,25970,0,0,8649,0,0,18043315,"Radio Corporation of America"
/m/03hhjy,854569,27073465,0,0,0,0,18043319,"Francesco Guardi"
/m/02vr8c,605079,0,0,0,0,0,18043327,"Guido Reni"
/m/03gmgb,846559,0,0,0,0,0,18043329,"Ludovico Carracci"
/m/04_0r2s,20349675,0,0,0,0,0,18043331,"Alvin Lustig"
/m/02qd25x,10436916,19573973,0,0,0,0,18043333,"Arnold William Brunner"
,30493112,0,0,0,0,0,18043349,Salvatori
/m/06nwrm,2125670,0,0,0,0,0,18043353,"Louis-Jean Desprez"
/m/0cf_5k,4661570,0,0,6460,0,18296469,18043357,"Russel Wright"
/m/02plv4k,9612650,0,0,0,0,0,18043361,"Eduardo Muñoz Bachs"
,81764,0,0,0,0,0,18043367,Nestor
,21650449,0,0,0,0,0,18043375,"Luis Vega"
/m/01ry3d,301364,0,0,0,0,0,18043377,"Union Carbide"
,204715,0,0,0,0,0,18043395,Crest
,584215,0,0,0,0,0,18043401,Gillette
,4777082,0,0,0,0,0,18043403,Greenpoint
/m/01tbm7,312284,0,0,0,0,0,18043405,"Jascha Heifetz"
,311346,0,0,0,46656,0,18043411,Johnson
,1608281,0,0,0,0,0,18043415,"R. W. L."
/m/05kx9k,1653322,0,0,0,0,0,18043417,"Thomas W. Lamb"
,83163,0,0,0,0,0,18043419,Lykos
,30181328,0,0,0,0,0,18043421,"Richard  H. Mandel"
,8021871,0,0,0,0,0,18043427,"Park Central Hotel"
/m/037zl6,747450,0,0,0,0,0,18043433,"Helena Rubinstein"
,34963786,0,0,0,0,0,18043437,"F.H. S."
,876511,0,0,0,0,0,18043445,"Steinway and Sons"
,1932999,0,0,0,0,0,18043451,Ullman
,819625,0,0,0,0,0,18043463,Westervelt
,5532227,0,0,0,41900,0,18043469,"Robert Jones"
/m/06bpp5,1980907,0,0,7512,0,0,18043471,"Edward William Godwin"
/m/0cbl84,4592943,0,0,0,0,0,18043475,"Walter Shirlaw"
/m/06w6tkv,23558341,0,0,0,0,0,18043483,"Rene Boyvin"
/m/0b6dnnx,25935671,0,0,0,0,0,18043489,"Francesco Villamena"
/m/0kspzy,7512254,0,0,0,0,0,18043501,"Gilles-Marie Oppenord"
,6110232,0,0,0,0,0,18043503,"Jean-Baptiste Oudry"
/m/02w1wyg,12376266,0,0,0,0,0,18043519,"André Mare"
/m/02rv36g,11837797,0,0,6289,0,0,18043521,"Wolfgang Weingart"
/m/06pqc8,2139831,25538073,90018585,5740,75051,0,18043523,"Ladislav Sutnar"
,10623318,0,0,0,0,0,18043545,"Mrs. Smith"
,53421,0,0,2927,0,0,18043547,"Philip Johnson"
,19629560,0,0,0,0,0,18043549,"Procter & Gamble"
/m/08vlyw,3149488,0,0,0,0,0,18043555,"Dorothy Draper"
/m/0c3vf3q,27668827,0,0,0,0,0,18043563,"Jean Audran"
/m/04_1tk4,20351735,0,0,0,0,0,18043595,"New York Department of Health"
,13682,0,0,0,0,0,18043603,"Herbert Hoover"
,1313805,0,0,0,0,0,18043625,"Mike Mills"
,34893766,0,0,0,0,0,18043651,"Stephen Doyle"
/m/09zqzc,3764125,92536323,0,7070,0,0,18043689,"Paula Scher"
/m/07rd59,2607965,74990610,0,0,0,0,18043709,"Henry Hitchings"
,32263355,0,0,0,920,0,18043723,"Barovier & Toso"
/m/0fc1vf,5890367,0,0,1028,0,0,18043737,"Achille Castiglioni"
,30947200,0,0,0,37386,0,18043745,"Dedham Pottery"
/m/06_vk9,2271988,47159863,0,1616,947,0,18043763,"Christopher Dresser"
,8951521,0,0,0,0,0,18043779,"F B"
/m/08rj30,3101790,0,0,0,0,18295393,18043789,"Gorham Manufacturing Company"
/m/0bmg030,26710638,0,0,0,37162,0,18043793,"Grueby Faience Company"
,345605,0,0,0,53533,0,18043811,Huet
,24619282,0,0,0,535,0,18043821,"Jennens & Bettridge"
/m/01lwd,5233,0,0,0,10626,0,18043833,L.
,68360,0,0,0,951,0,18043837,Lalique
/m/03czkb3,14261804,0,0,0,0,0,18043851,"Mary Chase Perry"
,40674,0,0,0,0,0,18043857,Meissen
,2296421,0,0,0,4759,0,18043865,"Morris & Co."
,33277,0,0,7061,1835,18296011,18043867,"William Morris"
,1071471,0,0,0,0,0,18043871,Oriel
,24619194,0,0,0,0,0,18043875,Overbeck
/m/03rht6,935960,0,0,0,0,0,18043879,"Pewabic Pottery"
/m/02x8kvf,30862869,0,0,0,3482,18295725,18043903,"Rookwood Pottery"
/m/02x8r49,12870207,0,0,0,0,0,18043911,"Kataro Shirayamadani"
/m/0bghzq,4069515,0,0,0,28,0,18043915,"Royal Doulton"
/m/05pcbv5,21888487,0,0,0,770,0,18043937,"Thomas Webb & Sons"
/m/02w2c0h,12384847,0,0,0,2737,0,18043943,"Matteo Thun"
,3771489,0,0,0,106,0,18043969,Wedgwood
,9493643,0,0,0,38161,0,18043973,"Weller Pottery"
,29337181,0,0,0,0,0,18043977,"William Morris & Co."
,58681,0,0,0,0,0,18043981,Worcester
/m/05sy0rx,22340843,0,0,0,13041,0,18043983,"Zuber & Cie"
,843787,0,0,0,61677,0,18043993,Bloomingdale's
/m/0gsgl0,6849554,0,0,6208,0,0,18044003,"Wilhelm Wagenfeld"
/m/084_bc,2823584,0,0,0,0,0,18044009,"Vivianna Torun Bülow-Hübe"
,6761382,0,0,1196,0,0,18044019,"Joe Colombo"
/m/080n505,24775951,0,0,6129,0,0,18044027,"Paolo Venini"
,1250573,0,0,0,0,0,18044031,Sasaki
,15469973,0,0,0,0,0,18044043,"Robert Crawford Johnson"
/m/0843_d,2809986,0,0,4119,0,0,18044047,"Koloman Moser"
,3420071,0,0,0,0,0,18044063,Degler
/m/0615pm,1853796,0,0,1968,0,0,18044083,"Kaj Franck"
/m/058xw_,1539302,0,0,4384,0,0,18044085,"George  E. Ohr"
/m/03c50dm,13428974,0,0,0,0,0,18044095,"Richard Notkin"
,5323081,0,0,0,0,0,18044099,"Mintons Ltd."
,2829121,0,0,0,0,0,18044103,"William Taylor"
,1787488,0,0,0,0,0,18044123,"Jørgen Jensen"
,18423857,0,0,0,0,0,18044125,Holdcroft
/m/03lr0g,885576,0,0,0,60764,0,18044143,"Hans Collaert"
/m/0b2_lt,3845590,0,0,0,0,0,18044155,"Viktor Schreckengost"
,1028472,0,0,438,0,18300267,18044161,"Peter Behrens"
,4507710,0,0,0,0,0,18044163,"Wertheim Department Store"
,24271218,0,0,0,0,0,18044177,"Charles Baskerville"
,3370068,0,0,0,0,0,18044179,"Jean Cros"
/m/0fq0pyc,29723392,0,0,0,0,0,18044181,"John Wakelin"
/m/02rpy30,11716189,0,0,0,0,0,18044191,"Childs Frick"
/m/01y3gr,341285,0,0,0,0,0,18044203,"Elsa Peretti"
/m/03_z03,1032041,0,0,0,0,0,18044207,"Max Factor"
,1124045,0,0,0,0,0,18044209,Noritake
,22027082,0,0,0,0,0,18044211,"Imperial Hotel"
,14998012,0,0,0,74820,0,18044223,"Air France"
,4403153,0,0,3925,71745,0,18044233,"Alessandro Mendini"
/m/03b_lbg,13260110,0,0,0,0,0,18044241,"Ronald E. Kent"
,12955824,0,0,3171,0,0,18044253,"Archibald Knox"
/m/0jr3z,73516,0,0,5876,0,18295219,18044255,"Louis Comfort Tiffany"
/m/06_vfxx,23848751,0,0,0,0,0,18044265,"Dagobert Peche"
/m/0c42hm7,27678671,0,0,0,0,0,18044267,"Gijs Bakker"
,12897797,0,0,0,0,0,18044269,"Charles Eames"
,36260459,0,0,3766,0,0,18044291,"Enzo Mari"
,2911961,0,0,4163,0,0,18044293,"Bruno Munari"
,3190123,0,0,0,31171,0,18044305,"Paco Rabanne"
,23314255,0,0,0,0,0,18044323,"Knoll International"
/m/09gg8vb,25343777,0,0,0,0,0,18044325,"Jens Risom"
/m/0cv752,4920194,0,0,0,0,0,18044327,"Frederick Hurten Rhead"
,36168306,0,0,0,0,0,18044339,"Shreve & Co."
/m/04tkh2,1333837,15842729,0,0,543,0,18044341,"Eric Ravilious"
,1228216,0,0,0,0,0,18044345,Wilkinson
,8999947,0,0,0,0,18296283,18044349,"Tiffany Studios"
/m/0hwm2,68360,0,0,0,0,0,18044355,"René Lalique"
,174502,0,0,0,0,0,18044365,Napier
,2515237,0,0,0,0,0,18044369,"William Frend de Morgan"
,2485779,0,0,0,0,0,18044371,"Moravian Pottery and Tile Works"
/m/02qr8z5,10828342,0,0,4241,0,0,18044395,"Otto Natzler"
/m/08v7hx,3143947,0,0,0,0,0,18044417,"Olaf Skoogfors"
/m/09wh2_,3707753,0,0,4570,11292,0,18044441,"Gaetano Pesce"
,12499720,0,0,0,0,0,18044465,Mennecy
,36141676,0,0,0,0,0,18044469,Volkstedt
/m/04g0kvh,17540770,0,0,3044,0,0,18044485,"Douglas Kelley"
,5624661,0,0,0,0,0,18044487,Laverne
/m/0432n7,1067409,0,0,3842,0,0,18044489,"Roberto Sebastian Matta"
/m/07fhb3,2457839,0,0,451,0,0,18044493,"Mario Bellini"
/m/09gh4fg,25169657,0,0,1978,0,18307441,18044503,"Gianfranco Frattini"
,8030356,0,0,0,7948,0,18044507,Artemide
/m/0gw70l,6901053,0,0,241,0,0,18044509,"Gae Aulenti"
,44017,0,0,0,0,0,18044511,Candle
,7119776,0,0,2328,0,0,18044539,"Vittorio Gregotti"
/m/061632,1853957,0,0,5168,0,0,18044543,"Timo Sarpaneva"
,86768,0,0,2869,0,0,18044547,"Arne Jacobsen"
/m/0ch5n8r,28017210,0,0,0,0,0,18044551,"Kay Bojesen"
/m/062989,1866819,0,0,0,833,18307185,18044553,"Kosta Boda"
,25769264,0,0,0,8405,0,18044573,Rorstrand
/m/0268p5d,7679503,0,0,0,0,0,18044575,"Edwin Scheier"
,8486669,0,0,0,0,0,18044577,"Mary Scheier"
/m/0615l4,1853769,0,0,6409,0,0,18044579,"Tapio Wirkkala"
/m/06qcl7,2148792,0,0,0,0,0,18044605,"Breon O'Casey"
,3153663,0,0,0,0,0,18044627,"Hans J. Wegner"
/m/0gbct8,6556328,0,0,4316,0,0,18044635,"Marcello Nizzoli"
/m/04jd9gb,19091182,0,0,7560,0,0,18044647,"Gwathmey Siegel & Associates"
,236162,0,0,0,39545,0,18044651,Alias
/m/04dhv_,1174550,9899554,0,769,0,0,18044669,"Marcel Breuer"
/m/0ks1y8,7304575,0,0,0,0,18297613,18044673,"Johann Joachim Kändler"
,8518422,0,0,0,0,0,18044675,"Erik Fleming"
/m/01xh0k,335794,0,0,0,15969,0,18044689,"Samuel Bing"
,16990635,0,0,0,0,0,18044691,"L'Art Nouveau"
/m/065zd,24750,0,0,0,0,0,18044715,"Porter Blanchard"
,2749395,0,0,0,0,0,18044721,Westclox
,6415284,0,0,0,847,0,18044735,Orrefors
/m/01fk8j,215490,0,0,7443,0,0,18044737,"David Law"
/m/0q1js,103268,0,0,0,68536,18295293,18044755,"A.W.N.  Pugin"
/m/02vrqn_,12157374,0,0,0,0,0,18044759,"Pierre-Philippe Thomire"
/m/07m7jn,2546440,0,0,0,3380,0,18044767,"Meissen Porcelain Factory"
/m/01s30t,302784,0,0,0,861,18299467,18044769,"Steuben Glass"
/m/07whqf,2666306,0,0,0,0,18307889,18044781,"Reed & Barton"
,7851097,0,0,0,213,0,18044785,"James Powell & Sons"
/m/0b60lv,3903160,0,0,0,64809,0,18044787,"Frederick Carder"
,292620,0,0,0,0,0,18044789,Steuben
,3682709,0,0,0,0,18296751,18044797,"Keith Murray"
,26920246,0,0,0,0,0,18044799,"Norman Wilson"
,9228486,0,0,0,0,18308393,18044801,"Roseville Pottery"
/m/03m9lv_,15446341,0,0,0,0,0,18044811,"David Vestal"
/m/074gh7,2333217,284011,0,0,72222,18305651,18044819,"Richard Redgrave"
/m/082hnj,2784087,0,0,6592,0,0,18044821,"Piet Zwart"
,2164292,0,0,0,44822,0,18044823,Guerlain
,8966873,0,0,0,6414,0,18044843,Cappellini
,35194848,0,0,0,0,0,18044857,"Marijke de Goey"
/m/014jjj,156436,0,0,8418,16315,0,18044865,"Philippe Starck"
/m/03d3jpt,14438023,0,0,0,0,0,18044883,"Pelican Products"
,246936,0,0,0,61700,0,18044889,"Black & Decker"
/m/03kc5t,871528,0,0,0,0,0,18044905,"René Paul Chambellan"
,206041,0,0,0,0,0,18044909,Westinghouse
,5457648,0,0,0,0,0,18044911,Oster
,13107616,0,0,0,0,0,18044935,Merkelbach
/m/06n4b4,2115268,0,0,0,0,0,18044941,"George Sakier"
/m/04n2j13,19659617,0,0,0,0,0,18044943,"Fostoria Glass Company"
/m/0273tw6,8450136,0,0,0,0,0,18044951,"Shreve, Crump & Low"
,34605741,0,0,0,0,0,18044959,"Arthur Eugene Baggs"
,22839299,0,0,0,0,0,18044969,Abraxes
/m/0fxs9c,6227038,0,0,0,9746,0,18044975,"Villeroy and Boch"
/m/0f7tt,54595,0,0,3671,0,0,18044987,"Charles Rennie Mackintosh"
,3862980,0,0,0,0,0,18044989,Berndorf
/m/0277h1_,8548168,0,0,5162,0,18300501,18044991,"Richard Sapper"
/m/02qtnxj,10906526,0,0,6544,0,0,18044993,"Marco Zanuso"
,414716,0,0,0,0,0,18044999,EFM
/m/0hhjk,66107,0,0,0,75319,0,18045001,"The Museum of Modern Art"
,15449590,0,0,0,0,0,18045011,"Western Electric Manufacturing Company"
/m/0bqt_j,4223241,0,0,0,0,0,18045013,"Kem Weber"
,60680,0,0,0,0,0,18045017,Hammond
,31348321,0,0,0,0,0,18045037,"Poul Hansen"
/m/03bkcp,775874,0,0,0,0,0,18045045,"Hendrik Petrus Berlage"
,26924909,0,0,0,0,0,18045057,"W.H. Gispen"
,2112528,0,0,0,0,0,18045067,"Alexandre Brongniart"
/m/02qngk2,10729115,0,0,0,0,18296401,18045087,"Jean-Baptiste-Claude Odiot"
,5874071,0,0,0,13010,0,18045089,Fabergé
/m/02rtwj1,11829480,0,0,0,42194,0,18045091,"Lomonosov Porcelain Factory"
/m/01yb3t,342837,0,0,1249,1052,0,18045093,"Corning Glass Works"
/m/06w279j,23506137,0,0,0,0,0,18045117,"Ludwig Suetterlin"
/m/027q5sh,8931992,0,0,0,0,0,18045129,"George Washington Maher"
,1151503,0,0,0,12492,0,18045131,Cartier
/m/0378jh,739555,74022344,0,0,0,0,18045153,"Walter Crane"
/m/067m_y,1939968,0,0,0,0,0,18045171,"Sunbeam Corporation"
,12764295,0,0,0,0,0,18045183,"Mikhail Mikhailovich Adamovich"
,21082348,0,0,0,0,0,18045203,Lebedeva
/m/04dvd,17300,0,0,3710,38475,0,18045205,"Kazimir Severinovich Malevich"
,3014315,0,0,0,0,0,18045215,Vkhutemas
,20093505,0,0,0,0,0,18045221,"Heinz Werner"
/m/06stqk,2179648,9839341,0,0,38792,0,18045245,"Boris Mikhailovich Kustodiev"
/m/02vr6d6,12142731,0,0,0,0,0,18045257,"Ivan Kuznetsov"
,7477057,0,0,0,0,0,18045357,"Ray Sander"
,3198727,0,0,0,0,0,18045369,"Michael Barry"
/m/09wf3b,3706430,0,0,0,0,0,18045373,"Jay Wilson"
,34164,0,0,0,52195,0,18045375,Xerox
,5571944,0,0,0,0,0,18045419,"Bromley Hall"
,1338894,0,0,7077,0,0,18045429,"Gustav Stickley"
/m/0dscqkb,29261380,0,0,0,0,0,18045445,"Louis-Henri Breviere"
/m/02gc67,487018,116681603,0,4485,0,0,18045471,"Verner Panton"
,320595,0,0,0,0,0,18045475,"Arthur Lee"
/m/050w7s,1429649,0,0,3641,0,0,18045529,"Jean Lurcat"
/m/0czb37z,28735359,0,0,7346,0,0,18045553,"Astrid Sampe"
,17739495,0,0,0,0,0,18045565,"Raymond Duncan"
/m/0bvs4t,4297978,0,0,0,76196,0,18045567,"Jean-Baptiste Huët"
/m/02z0p97,12939660,0,0,0,0,0,18045633,"Diane Itter"
/m/02pw57r,9894336,0,0,0,0,0,18045635,"Mariska Karasz"
/m/0f810c,5833004,113941266,0,0,0,0,18045647,"Mary Walker Phillips"
/m/02vx4d3,12240071,0,0,0,0,0,18045651,"John Henry Dearle"
/m/02_7k9,646742,0,0,0,4496,0,18045681,"Paul Poiret"
,744872,0,0,1646,0,0,18045693,"Raoul Dufy"
/m/02rjzbn,11579659,0,0,0,0,0,18045695,"Chatham Manufacturing Company"
,7758456,0,0,0,0,0,18045715,"Édouard  Bénédictus"
,34576757,0,0,0,0,0,18045727,"Jhane Barnes"
/m/021_rz,384430,9825649,0,0,0,0,18045747,"William Hodge"
,27609063,0,0,0,0,0,18045761,Intair
/m/02250p,385762,93197959,0,5536,0,0,18045807,"Ettore Sottsass"
/m/019h1v,186466,29552547,0,2679,0,0,18045813,"Howard Hodgkin"
,13569130,0,0,0,0,0,18045841,"Cheney Brothers"
/m/0f1gs,53621,108427049,0,8215,575,18308065,18045843,"Robert Venturi"
,15158541,0,0,0,0,0,18045847,"Dwight Taylor"
,12785846,0,0,0,0,0,18045849,"Clayton Knight"
,415077,0,0,0,0,0,18045853,"John Held Jr."
,1025817,0,0,0,0,0,18045913,"Paul Simmons"
,31619208,0,0,0,34250,0,18045915,"Timorous Beasties"
,3871014,0,0,0,0,0,18045919,Rainbow
/m/05dq64,1588280,44557607,0,0,0,0,18045927,"Bernard Rudofsky"
/m/03mhvmq,15616934,0,0,0,0,0,18045935,"Lucienne Day"
,1018409,0,0,0,0,0,18045951,Vera
/m/071llk,2294579,46825663,0,0,0,0,18045963,"May Morris"
,14518074,0,0,0,0,0,18045975,"Lufthansa German Airlines"
,3171547,0,0,0,4469,0,18045993,"Mariano Fortuny"
/m/02z2z_n,13004115,0,0,0,0,0,18046005,"Tzaims Luksus"
/m/02rg_,10128,0,0,0,0,0,18046009,"Elizabeth Tudor"
/m/0ddny6,5306291,0,0,0,0,0,18046025,"Vuokko Eskolin Nurmesniemi"
/m/06zsyb,2257689,0,0,0,0,0,18046029,"Armi Ratia"
/m/0cvj5n,4926629,0,0,0,0,0,18046053,"David Barrow"
/m/02829qr,9267337,0,0,0,0,0,18046065,"Cressida Bell"
/m/0f4hnq,5786359,0,0,3555,0,0,18046089,"Stig Lindberg"
,28038513,0,0,0,0,0,18046093,"Caroline Gray"
/m/076xqz9,23944338,0,0,0,0,0,18046097,"Alexander Brebner"
,2054399,0,0,0,0,0,18046101,"Folly Cove Designers"
,1788606,0,0,0,0,0,18046105,"Ken Done"
/m/0938xg,3284408,0,0,5814,0,0,18046125,"Lenore Tawney"
/m/02ztp5,642414,0,0,0,0,0,18046171,"Owens Corning Fiberglass"
,13051327,0,0,0,0,0,18046183,"Associated American Artists"
,15671459,0,0,0,0,0,18046197,"John Hull"
/m/0bmc8bt,26666649,0,0,4571,0,0,18046203,"Gabor Peterdi"
,1717512,0,0,0,0,0,18046213,"Tony Sarg"
,13431769,0,0,0,0,0,18046215,"Merton Abbey"
,3075550,0,0,96,0,0,18046221,"Anni Albers"
/m/03yhtn7,16635777,0,0,0,0,0,18046225,"Hans Krondahl"
,2197022,0,0,0,0,0,18046273,"Ken Scott"
,1657610,0,0,0,0,0,18046283,"Owen Jones"
/m/036rtk,734091,0,0,0,73030,0,18046285,"Jean Patou"
,6518264,0,0,0,7881,0,18046291,Fiorucci
,399761,0,0,0,0,0,18046307,"John Hewson"
/m/04n52nj,19380953,0,0,0,0,0,18046321,"Orinoka Mills"
,24985452,0,0,0,13637,0,18046337,"F. Schumacher & Co."
,21058924,0,0,1971,0,0,18046343,"Josef Frank"
,2009303,0,0,0,7868,0,18046351,Hermès
,10899874,0,0,2694,0,0,18046353,"Josef Hoffmann"
/m/0c02rz8,27452039,0,0,0,0,0,18046365,"Arthur Sanderson & Sons, Ltd."
/m/01fm2,4481,59088051,0,0,32450,0,18046377,"Beatrix Potter"
/m/02p_bp_,10029748,0,0,0,0,0,18046439,"Jean-Baptiste Réveillon"
,277858,0,0,0,16068,0,18046463,"Sears, Roebuck and Co."
,802167,0,0,0,43722,0,18046467,Duro
/m/0g65kh,6459294,0,0,0,0,18297127,18046485,"Mary McFadden"
/m/04zwycr,20334441,0,0,0,0,0,18046513,"Andre Groult"
/m/06gxfk,2038953,9845043,0,0,0,0,18046515,"Rene Crevel"
,3861431,0,0,870,0,0,18046529,"Charles Burchfield"
/m/0czcshg,28720037,0,0,6463,0,0,18046531,"Paul Wunderlich"
,48296,0,0,0,0,0,18046533,Marburg
,2295885,0,0,2931,0,0,18046535,"Allen Jones"
,7328346,0,0,5882,75356,0,18046537,"Jean Tinguely"
,386255,0,0,0,0,0,18046543,"Peter Phillips"
/m/04n3j_w,19467874,0,0,0,0,0,18046545,"Getulio Alviani"
/m/027tfyk,9014286,0,0,0,0,0,18046551,"Fritz August Breuhaus de Groot"
/m/03ym8tk,16679391,0,0,0,0,0,18046581,"Carl-Axel Acking"
,839945,0,0,0,0,0,18046593,"Sigvard Bernadotte"
/m/05c55pq,21168564,0,0,0,0,0,18046643,"Peggy Angus"
,2710478,0,0,0,51007,0,18046663,"William Burges"
,8861370,0,0,6391,0,0,18046669,"Scott Wilson"
,224222,0,0,0,0,0,18046697,E.S.
,2964420,0,0,0,0,0,18046701,"Henry Butler"
/m/0kc6,864,56617645,0,6246,12770,0,18046705,"Andy Warhol"
/m/05_dv5,1830848,0,0,395,31266,0,18046723,"Edward Bawden"
,30772962,0,0,0,0,0,18046751,Braendli
,4318009,0,0,0,0,0,18046753,Tekko
,16776968,0,0,0,0,0,18046763,Jofa
,1825189,0,0,0,0,0,18046811,"Charles Francis Annesley Voysey"
,511799,0,0,0,0,0,18046869,Mountville
,63610,0,0,0,0,0,18046885,Peacock
,972618,0,0,0,0,0,18046891,Staunton
,13007967,0,0,0,0,0,18046895,"Nancy Warren"
/m/011w7m,141931,64001320,0,0,54738,18306193,18046909,"Sir J.M. Barrie"
,374763,0,0,0,4372,0,18046963,Williamson
,30050245,0,0,0,0,0,18046977,"Joan Perry"
,30679238,0,0,0,0,0,18046999,"Anthony Little"
,23389980,0,0,0,0,0,18047007,"Ben Morris"
/m/0gf0nv,6618372,0,0,0,0,0,18047063,"Gene McDonald"
,34086281,0,0,0,43848,0,18047087,"Marburger Tapetenfabrik"
,275016,0,0,2145,0,0,18047097,"Charles Dana Gibson"
,19432901,0,0,0,0,0,18047111,"Hannah Davis"
/m/06qq7g,2153245,0,0,0,0,0,18047161,"Albert Warner"
,213216,0,0,922,3851,18300447,18047163,"Alexander Calder"
,67257,0,0,0,0,0,18047195,"Chester Gould"
/m/04n6dfl,19589898,0,0,0,0,0,18047201,"Paul McCobb"
/m/080dtz7,24461131,0,0,0,0,0,18047207,"Vera Neumann"
/m/07s7b4y,24347277,8916620,0,0,0,0,18047217,"Arnold Blanch"
/m/02q8vl9,10336533,0,0,0,0,0,18047219,"Aaron Bohrod"
,8861575,0,0,1466,0,0,18047221,"Adolf Dehn"
/m/060_7,24176,15873,0,4609,50139,0,18047293,"Pablo Picasso"
/m/015qp7,163444,64163914,0,0,1838,0,18047313,"Kate Greenaway"
/m/04045fq,16721204,0,0,0,0,0,18047333,"Stanley Bate"
,2274068,0,0,6281,33744,0,18047345,"William Wegman"
/m/0962h6,3328449,0,0,0,0,0,18047369,"Cecil Aldin"
,81795,0,0,8200,0,0,18047417,"David Byrne"
/m/09c7b,37535,0,0,0,45022,0,18047467,"Metropolitan Museum of Art"
/m/0hhj3,66106,0,0,0,0,0,18047689,"Whitney Museum of American Art"
,21611105,0,0,0,0,0,18048069,HERTING
/m/04p9w9,1275160,0,0,0,987,0,18048101,"Wiener Werkstätte"
,1444356,0,0,0,0,0,18048151,"Herman Miller, Inc."
,5390848,0,0,0,0,0,18048173,FASSLER
,1089837,0,0,5634,3107,0,18048503,"Theophile Alexandre Steinlen"
,10036067,0,0,0,0,18297039,18048547,"Paul T. Frankl"
,5674904,0,0,6965,0,0,18048563,"Vladimir Stenberg"
/m/03bnb,12730,0,0,0,51880,0,18048579,"General Electric Company"
,351248,0,0,1444,0,0,18048585,"Niki de Saint-Phalle"
,18034667,0,0,0,0,0,18048595,Kvadrat
,28017210,0,0,0,0,0,18048601,"Kay Bojesen"
,869819,0,0,0,0,0,18048701,Minton's
,277902,0,0,0,0,0,18048703,Benson
,4341825,0,0,0,0,0,18048715,Delta
,7223413,0,0,0,0,0,18048729,"Private collection"
,22665874,0,0,0,0,0,18048743,"Jack Wright"
,25725482,0,0,0,0,0,18048745,"George Payne"
,508091,0,0,0,0,0,18048775,"Modern Arts"
,3565701,0,0,0,0,0,18048961,"Street & Smith Publications, Inc."
,3249817,0,0,0,0,0,18049029,"Paul Dean"
,3432164,0,0,0,0,0,18049031,"Paul Dillon"
,1440847,0,0,0,0,0,18049049,Haussmann
,18117146,0,0,0,0,0,18049067,"American Print Works"
,2294024,0,0,0,0,0,18049115,"Studio X"
,914229,0,0,0,0,0,18049121,Rolodex
,5873751,0,0,0,0,0,18049129,Elsterwerda
,5450316,0,0,0,38300,0,18049133,Schramberg
,16330713,0,0,0,0,0,18049139,Goebel
,479522,0,0,0,0,0,18049149,"Apple Computer, Inc."
/m/032jjq,681834,0,0,0,0,0,18049155,"Abraham Bosse"
/m/01bnyy,194846,0,0,0,0,0,18049165,Telekom
,225297,0,0,0,0,0,18049175,Gallé
,3100138,0,0,0,11207,0,18049179,Daum
/m/04xqtq,1374962,0,0,0,34241,0,18049191,"Van Cleef and Arpels"
/m/05f3mf5,21425312,0,0,0,0,0,18049199,"Merry-Joseph Blondel"
/m/02qgvcp,10528970,0,0,0,0,0,18049203,"Rebeca Méndez"
/m/0hznj7q,34266838,0,0,0,0,0,18049219,"Jean Adrien Mercier"
/m/0fx_wm,6231500,71510347,94029554,0,0,0,18049223,"Michael Bierut"
,4823633,0,0,0,0,0,18049227,"Keith Brown"
,15662313,0,0,0,0,0,18049319,"Art Smith"
/m/03c0vw2,13293492,0,0,0,0,0,18049327,"Charles-Antoine Coypel"
/m/0409d5w,16881561,0,0,0,0,0,18049353,"Alexandre Evariste Fragonard"
,13269447,0,0,0,0,0,18049357,Boquet
,18977482,0,0,0,0,0,18049359,Riton
,18482809,0,0,0,0,0,18049449,"Joseph Dufour et Cie."
/m/050dh,19958,95775085,0,696,0,0,18049451,"Mario Botta"
/m/01vhz5,320965,0,0,0,0,0,18049475,"Pennsylvania Railroad"
/m/05f9jmf,21442470,0,0,0,0,0,18049491,"Jacques-Denis Antoine"
,61154,0,0,0,0,0,18049499,"Etienne-Louis Boullée"
/m/05b0q_,1555286,0,0,0,0,0,18049501,"Heinz Edelmann"
/m/017jv5,174319,0,0,0,54460,0,18049503,"United Artists"
,12370092,0,0,3788,0,0,18049517,"Charles Martin"
/m/01bs3z,195487,59097680,0,0,0,0,18049565,"Charles Le Brun"
/m/03rcq3,934307,0,0,0,0,0,18049569,"Pierre Lescot"
/m/07fy41,2464429,0,0,0,0,0,18049571,"Jean Goujon"
/m/08q4w7,3082370,69852805,0,0,0,0,18049573,"Marguerite Zorach"
,14262284,0,0,0,0,0,18049575,"The Educational Alliance"
/m/06yvx8,2245401,0,0,0,0,0,18049591,"Jacques Ignace Hittorff"
,8453299,0,0,0,0,0,18049621,"Advisory Council"
,3678272,0,0,0,0,0,18049721,"Apple Films"
,1780815,0,0,0,0,0,18049729,Radius
/m/0z07,2386,0,0,0,61084,0,18049749,"American Airlines"
/m/0z6n,2402,0,0,0,11277,0,18049765,"Albrecht Dürer"
/m/0h7lbdv,33331129,0,0,0,0,0,18049769,"Sarah Campbell"
,19792430,0,0,0,0,0,18049793,Gordon
,174311,0,0,0,0,0,18049809,"Benjamin Thompson"
,35622315,0,0,0,0,0,18049811,"Tommi Parzinger"
/m/09nkw2,3592515,0,0,0,0,0,18049819,"Tupperware Corporation"
,5109986,0,0,0,0,0,18049831,Annaburg
,13537804,0,0,0,0,0,18049837,Georgenthal
,105036,0,0,0,0,0,18049839,Karlsruhe
/m/02ryh81,11929764,0,0,0,0,0,18049849,"Maija Isola"
,30535506,0,0,0,48377,0,18049853,Jamet
,5602697,0,0,0,0,0,18049861,"Peter Chang"
,985750,0,0,0,0,0,18049985,"Harvey Smith"
/m/05zjt9,1820546,109121023,0,0,0,0,18050011,"George Nakashima"
/m/03m87s_,15427695,0,0,0,0,0,18050013,"James Hazen Hyde"
/m/0524fmf,20610574,0,0,0,0,0,18050015,"Charles Meynier"
/m/047q8r_,17910084,0,0,0,0,0,18050033,"Anne Vallayer-Coster"
/m/039pn_,766195,54944558,0,0,0,0,18050035,"Augustus Saint-Gaudens"
/m/0464v53,17590566,0,0,0,0,0,18050045,"Charles Swainson"
/m/09m6y0,3569986,0,0,0,0,0,18050049,"Sven Markelius"
/m/03kq76,874862,95723646,0,0,0,0,18050065,"Kenneth Snelson"
,14652786,0,0,1672,0,0,18050087,"Ray Eames"
/m/01wxlt,330963,0,0,0,0,0,18050095,"Horace Vernet"
,2321993,0,0,0,0,0,18050099,Cholet
/m/0d_myr,5696518,76690014,0,0,0,0,18050101,"A. Henry"
,3168771,0,0,0,0,0,18050103,Delmes
,24213555,0,0,5729,0,0,18050113,"Carol Summers"
,14137487,0,0,0,0,0,18050115,"Judith Brown"
,11050193,0,0,0,9600,0,18050137,Alessi
/m/06_x0x8,23845685,0,0,0,0,0,18050147,"John Oster Manufacturing Company"
,357550,0,0,0,0,0,18050183,Hoover
,1172455,0,0,0,0,0,18050245,Bunzlau
,4216437,0,0,0,0,0,18050247,Grünstadt
/m/02f1wq,475896,0,0,0,0,18296159,18050337,"Lucas van Leyden"
,5117279,0,0,7936,0,0,18050379,"Wendell Castle"
/m/01gb8w,221468,0,0,0,0,0,18050387,"Luca Giordano"
/m/017zf_,176672,0,0,0,0,0,18050419,"Polaroid Corporation"
/m/07v8dq,2648968,0,0,0,0,0,18050457,"Robert Frederick Blum"
/m/03hhsj9,15111810,0,0,4918,0,18295433,18050491,"Richard Riemerschmid"
,143410,0,0,0,0,0,18050511,Umbra
,52717,0,0,5723,0,0,18050521,"Louis Henry Sullivan"
/m/0cz8hp4,28572877,0,0,0,0,0,18050541,"Iroquois China Company"
/m/02pwzp6,9917265,0,0,0,0,0,18050545,"Boston and Sandwich Glass Company"
/m/04f65gm,18337164,0,0,0,0,0,18050591,"Alfonso Iannelli"
,245107,0,0,0,0,0,18050609,"Mary Mitchell"
,26653373,0,0,0,0,0,18050617,"Judith Clarke"
,1593865,0,0,0,0,0,18050619,"Elizabeth Andrew"
,18552574,0,0,0,0,0,18050651,"Mary Brown"
,34604531,0,0,4749,1269,0,18050663,"Otto Prutscher"
/m/01qh39,290195,100323855,0,0,0,0,18050679,"Elizabeth Warren"
,12212694,0,0,0,0,0,18050689,"Mary Ann Wilson"
,1723749,0,0,0,0,0,18050695,"Sarah Patterson"
,2310,0,0,0,0,0,18050697,"Mary Slatter"
,4102790,0,0,0,0,0,18050699,"Ann Bell"
,13068568,0,0,0,38007,0,18050711,Richard-Ginori
/m/02qv1r5,10921590,0,0,0,0,0,18050719,"Eliza Thompson"
/m/060m71,30872236,0,0,0,0,0,18050727,"Mary Follet"
,2912465,0,0,0,0,0,18050753,"Mary Chapel"
/m/027tpx6,9019459,0,0,0,0,18308415,18050801,"Maurice Marinot"
/m/01sj_s,306181,0,0,4823,12769,18294687,18050813,"Robert Rauschenberg"
/m/0dj6gz,5378906,0,0,0,0,0,18050843,"Christopher Carruthers"
/m/0462gtp,17566253,0,0,0,0,0,18050863,"Francesca Martin"
/m/098fb6,3377597,0,0,0,0,0,18050877,"Jay Crawford"
/m/0ftdd,57627,0,0,0,0,0,18050905,"Eastman Kodak Company"
/m/02f33m,476181,0,0,0,0,0,18050913,"Luisa Dias"
/m/04cv4k6,18209024,0,0,0,0,0,18050969,"Xavier Gonzalez"
/m/04n4yv7,19657535,0,0,0,0,0,18050985,"Bruce Metcalf"
,1337035,0,0,0,42132,0,18050987,Richards
/m/02pmb33,9627326,0,0,747,0,0,18051011,"Pieter Brattinga"
,14624394,0,0,0,0,0,18051029,Flos
/m/04zxwnx,20260942,0,0,0,0,0,18051045,"Albert Ludovici"
/m/02q69x6,10243051,22204997,0,0,0,0,18051047,"Charles Rosenberg"
/m/0dn4w_,5467171,0,0,0,0,0,18051051,"Giuseppe Vasi"
,18774052,0,0,0,0,0,18051067,Lazin
,35462664,0,0,0,0,0,18051069,Katalan
/m/0fllxk,6032861,0,0,5225,0,0,18051113,"Peter Schlumbohm"
,13075999,0,0,0,0,0,18051123,"Michael Schneider"
,7164457,0,0,0,0,0,18051153,"Henry Varnum Poor"
/m/0g5439q,30089081,0,0,0,0,0,18051207,"Charles Abraham Chasselat"
/m/0vdk,1938,94625754,0,0,0,0,18051235,"Andrew Carnegie"
,8243089,0,0,0,0,0,18051289,"Jean-Michel Moreau le Jeune"
/m/0gwwdd,6915433,0,0,0,0,0,18051299,"Pierre Dupuis"
,3296342,0,0,0,0,0,18051305,"Lebbeus Woods"
,7248357,0,0,342,0,0,18051493,"Will Barnet"
/m/07_m2,32603,9854560,0,2206,0,0,18051495,"Vincent Van Gogh"
/m/04xsmy,1375695,34450286,0,4154,54279,0,18051541,"Josef Müller-Brockmann"
/m/0286gq4,9377329,0,0,0,0,0,18051611,"Edgar Brandt"
/m/02rbv2y,11419393,0,0,0,0,0,18051659,"Giovanni Battista Galestruzzi"
/m/04s3ty,1313221,0,0,0,0,0,18051661,"Giovanni Francesco Grimaldi"
,385155,0,0,0,0,0,18051665,Italian
/m/0hfyj,65828,0,0,0,0,0,18051731,"Smithsonian Institution"
,272325,0,0,0,0,0,18051785,"William Pitt"
/m/02bw4_,457798,39589087,0,0,0,0,18051787,"Norman Bel Geddes"
/m/013pfg,151357,32243757,0,0,0,0,18051793,"Thomas Chippendale"
/m/049kqx,1138120,0,0,3115,0,0,18051815,"Ernst Ludwig Kirchner"
/m/01dn3v,208687,4940255,0,0,0,18299393,18051861,"Jean Baptiste Camille Corot"
/m/09b3v,37398,0,0,0,0,0,18051901,"Walt Disney Company"
,624912,0,0,0,45101,0,18051907,Fitch
/m/02xvdp,624029,0,0,0,0,0,18051919,"Duncan Phyfe"
/m/04z4d4,1394623,283709,0,0,0,18295953,18051935,"William Merritt Chase"
/m/09gmwww,25106060,0,0,0,0,0,18051951,"Enea Vico"
,266243,0,0,8692,0,0,18051969,IDEO
,492105,0,0,0,0,0,18052025,Unknown
,492105,0,0,0,0,0,18052029,Unknown
/m/026_mfm,8329716,0,0,0,0,0,18052033,"Alexandre Jacovleff"
,492105,0,0,0,0,0,18052035,Unknown
,492105,0,0,0,0,0,18052043,Unknown
,492105,0,0,0,0,0,18052047,Unknown
,492105,0,0,0,0,0,18052051,Unknown
/m/01xf8t,335390,12347231,0,97,12402,18295581,18052071,"Josef Albers"
/m/03c3yt5,13396367,0,0,0,0,0,18052091,"Rudolf Staffel"
,33933928,0,0,0,0,0,18052115,Bihl
,1725868,0,0,0,0,0,18052121,Zell
/m/0ch4zmb,27918701,0,0,0,0,0,18052123,"Nicolas Beatrizet"
/m/06q1qh,2144760,0,0,0,0,0,18052229,"Industrial Designers Society of America"
/m/080fslv,8038111,0,0,0,0,0,18052239,"Charles Pollock"
,17966735,0,0,0,0,0,18052279,"Vice Versa"
,12045479,0,0,0,0,0,18052301,Olympus
/m/01yq83,345893,0,0,311,0,0,18052333,"Giacomo Balla"
/m/0fpjrn1,29588070,0,0,0,0,0,18052347,"Albert Gregory"
,11746035,0,0,0,0,0,18052357,"David Andersen"
/m/0h3xcxh,32830793,0,0,0,0,0,18052393,"Antoine-Andre Ravrio"
,1779792,0,0,0,0,0,18052407,"Edward Sorel"
,9933888,0,0,0,0,0,18052495,Winterhalter
/m/0h1f3b_,32500620,0,0,0,0,0,18052543,"George Stavrinos"
,4232335,0,0,0,0,0,18052559,"Pentagram Design"
,2194314,0,0,1410,0,0,18052585,"Paul Davis"
/m/051_3pw,20589817,0,0,0,0,0,18052647,"Vlastislav Hofman"
/m/05q9sz1,22238604,0,0,0,0,0,18052659,"Alexander Isley"
,327612,0,0,0,0,0,18052713,"Radio Shack"
,355541,0,0,0,0,0,18052719,"Thomson Consumer Electronics"
,8204189,0,0,0,0,0,18052721,SABA
/m/01_p3w,363233,0,0,0,0,0,18052781,"Samuel Mockbee"
,18998781,0,0,0,0,0,18052787,"Nike, Inc."
/m/0265153,7546101,0,0,5401,0,0,18052839,"Everett Shinn"
/m/05r50h,1722742,14782093,0,1498,0,0,18052867,"Fortunato Depero"
/m/0641059,22784518,0,0,0,0,0,18052885,"U.S. Glass Company"
/m/0ks2s1,7315947,15040640,0,0,0,0,18052911,"Stefan Sagmeister"
,11807230,0,0,0,0,0,18052919,"Barbara White"
/m/0c10vb,4414814,0,0,0,0,0,18053031,"Robert Ingersoll Aitken"
,29630805,0,0,0,1077,18308329,18053137,"New England Glass company"
/m/0w0x,2009,71410602,0,34,1020,0,18053139,"Alvar Aalto"
,2729,0,0,0,0,0,18053169,"Arthur J. Stone"
/m/0d_w7,53404,0,0,2108,0,0,18053195,"Frank O. Gehry"
/m/02t2v3,590644,0,0,0,0,0,18053205,"Charles Rohlfs"
/m/04jxp,17897,0,0,7166,0,0,18053223,"Ludwig Mies van der Rohe"
/m/0g56s4t,30075096,0,0,0,0,0,18053243,"Jérôme-François Chantereau"
/m/0d_h8,53352,0,0,5103,0,0,18053281,"Eero Saarinen"
/m/029hs1,446877,96295948,0,2697,0,0,18053303,"Armin Hofmann"
/m/02qw4qt,10955926,42774552,0,0,0,0,18053323,"J. Abbott Miller"
/m/0fyt5,58235,0,0,0,0,0,18053359,"U.S. Department of Transportation"
,18391739,0,0,0,0,0,18053515,Superbag
,21785596,0,0,0,0,0,18053539,"Robert Dozier"
/m/0900tb,3231779,0,0,0,0,0,18053561,"Robert Winthrop Chanler"
,27372477,0,0,1915,14282,0,18053605,"Alan Fletcher"
,15848964,0,0,0,0,0,18053621,"Bruno Moretti"
/m/071n66,2295131,0,0,35,0,0,18053629,"Aino Aalto"
,1367869,0,0,0,31634,0,18053639,Artek
/m/05f2x3p,21379301,0,0,0,0,0,18053645,"Jean-Michel Wilmotte"
,149170,0,0,0,60671,0,18053647,Academy
,5661738,0,0,0,0,0,18053663,"William Adams"
,30272905,0,0,0,0,0,18053669,O-Luce
,21694,0,0,0,0,0,18053677,"NeXT, Inc."
/m/0bkq2x,4129791,0,0,0,0,0,18053681,"Thomas De La Rue"
,16315837,0,0,0,0,0,18053695,"Mark Wheatley"
/m/0dfz66,5330606,95874994,0,3224,0,0,18053709,"Mark Kostabi"
,6012951,0,0,0,37926,0,18053731,Brionvega
,4219072,0,0,0,0,0,18053755,"Doug Wilson"
/m/06m8rp,2102471,0,0,0,0,0,18053787,"Pierre-Yves Pelletier"
,2335386,0,0,0,0,0,18053793,"Thomas Wood"
/m/0250f,7672,0,0,0,0,0,18053795,"Chuck Jones"
/m/09g8k83,25094112,0,0,0,0,0,18053799,"Ed Koren"
,31737338,0,0,0,383,0,18053821,Coloroll
/m/0cx9l0,4961959,0,0,0,0,0,18053841,"Hilton McConnico"
,84834,0,0,0,0,0,18053857,Morgantown
/m/0395wn,761315,0,0,0,0,0,18053875,"Roger Taillibert"
/m/0fp8r_,6083050,0,0,0,0,0,18053877,"David Tisdale"
,20403808,0,0,0,0,0,18053885,"Philip Burton"
,13595277,0,0,289,0,0,18053891,"William Bailey"
,173057,0,0,5640,0,0,18053895,"Frank Stella"
,1311849,0,0,5086,37425,18295179,18053897,"Edward Ruscha"
/m/02gvjt,491264,260193,0,531,0,0,18053901,"Harry Bertoia"
,20903889,0,0,0,0,0,18053911,"Angelo Mangiarotti"
,9372514,0,0,0,0,0,18053943,"Michael Matthews"
,19136115,0,0,0,0,0,18053953,"Karen Brown"
/m/02pkx3g,9584415,0,0,0,0,0,18053967,"Sam Aaron"
/m/02qkgzm,10622141,0,0,0,0,0,18053971,"Michaele Vollbracht"
,169709,0,0,5824,0,0,18053975,"Walter Dorwin Teague"
/m/07krw,30775,69106390,0,0,0,18302661,18053977,"Thomas Nast"
/m/0kt82x,7723281,0,0,3688,31596,0,18053979,"Vico Magistretti"
,7586514,0,0,5866,42656,0,18054021,"Thonet Brothers"
,1771503,0,0,0,0,0,18054059,"Herman Mueller"
,16310,0,0,0,0,0,18054061,"Jacopo Amiconi"
,54481,0,0,0,0,0,18054089,Apron
/m/066r8s,1927435,0,0,2026,0,0,18054177,"Shigeo Fukuda"
,2886554,0,0,0,0,0,18054229,"Bell Telephone Company"
,6604370,0,0,6502,0,0,18054231,"Tadanori Yokoo"
/m/02x3n1g,12759198,0,0,0,0,0,18054253,"Maria Longworth Nichols"
/m/05znh62,22465280,0,0,0,0,0,18054261,"August Wilhelm Holmstrom"
,45376,0,0,0,776,18308261,18054265,Baccarat
,3343012,0,0,0,0,0,18054269,"Matthew Rolston"
,377433,0,0,0,0,0,18054295,PAF
,1545938,0,0,0,0,0,18054321,"LeRoy Neiman"
,22147618,0,0,0,0,0,18054343,Tebong
,26452841,0,0,0,0,0,18054405,"Sagmeister Inc."
,4667421,0,0,0,0,0,18054437,"Joseph Michael Gandy"
,74097,0,0,6336,0,0,18054461,"James Abbott McNeill Whistler"
/m/03lr35,885620,0,0,0,46454,18302119,18054477,"Martin Schongauer"
,4513984,0,0,0,0,0,18054493,"Otl Aicher"
,24837288,0,0,0,0,0,18054623,"American Thermos Bottle Company"
,4301463,0,0,0,0,0,18054677,Limbach
,24547907,0,0,0,0,18298867,18054727,"James Hadley"
,20993953,0,0,0,6695,0,18054739,"Haviland & Co."
,340405,0,0,0,0,0,18054753,Herder
,7661102,0,0,0,0,0,18054771,Holiçs
/m/05n4hz,1683889,0,0,0,0,0,18054799,"Francesco Melzi"
,31453124,0,0,0,12101,0,18054817,"Elkington & Co."
,16521556,0,0,0,0,0,18054841,"Thomas Hope"
,6167755,0,0,0,0,0,18054871,"American Institute of Graphic Arts"
/m/09f2j,37765,0,0,0,0,0,18054935,UCLA
/m/026qk8b,8075461,0,0,0,0,0,18054937,"Yale University School of Art"
/m/04641z1,17575706,0,0,8575,0,0,18054939,"Herbert Krenchel"
/m/08815,34273,0,0,0,0,0,18054949,"Yale University"
,332248,0,0,0,0,0,18054969,Megalit
,1641878,0,0,0,0,0,18055007,"John Adler"
,3621658,0,0,0,0,0,18055025,Lightolier
/m/042x1n,1064863,0,0,0,0,0,18055031,Cummins
/m/02hp6p,498528,0,0,0,0,0,18055043,"University of Hartford"
/m/01rpc_,299202,0,0,0,0,18297691,18055063,"Jean Baptiste Carpeaux"
/m/0523wk7,20559850,9398904,98343,0,0,0,18055091,"Neil Selkirk"
/m/08r5qp,3096843,0,0,0,0,0,18055175,"Kenny Scharf"
,492105,0,0,0,0,0,18055227,Unknown
/m/03lk29,883541,0,0,0,0,0,18055229,"Sebastiano Conca"
/m/0272718,8403266,32133820,0,0,0,0,18055275,"Maira Kalman"
,4406908,0,0,0,0,0,18055303,Renard
,429739,0,0,0,0,0,18055309,"Isaac Mizrahi"
,6118566,0,0,0,0,0,18055319,fuseproject.
,27413027,0,0,0,0,0,18055323,"Brian Connelly"
/m/047dl7f,17868384,0,0,2949,0,0,18055329,"Finn Juhl"
/m/046gt8,1106032,122244068,0,0,0,0,18055381,"Mary Freeman"
,5476226,0,0,0,0,0,18055389,"Rebecca Knight"
,32947760,0,0,0,0,0,18055393,"Ann Wood"
/m/05m5zv,1671178,0,0,0,0,0,18055395,"Mary Johnston"
,29717354,0,0,0,0,0,18055415,"Mary Wood"
/m/0284chk,9318147,0,0,0,0,0,18055431,"Claude Vignon"
,18885017,0,0,0,0,0,18055471,"A+M Records"
/m/03c7r99,13511513,0,0,0,0,0,18055495,"William Cripps"
/m/03kb4x,871232,0,0,0,33096,0,18055523,"Benozzo Gozzoli"
,36373864,0,0,0,0,0,18055569,"Paulding Farnham"
,75290,0,0,0,0,18307143,18055611,Snowcrash
,2332995,0,0,5392,647,0,18055621,"Cindy Sherman"
,15442617,0,0,0,0,0,18055657,"Pierre Chareau"
/m/06b4f1,1973614,0,0,0,0,0,18055663,"Jeffrey Chodorow"
,932040,0,0,483,0,0,18055669,"Thomas Hart Benton"
,871569,0,0,0,0,0,18055671,"Hubert Robert"
,20127,0,0,1757,0,0,18055709,"Maurits Cornelis Escher"
,3257952,0,0,0,0,0,18055711,"Gabriele Valvassori"
,501455,0,0,0,0,0,18055723,"Peter Rice"
,186480,0,0,7496,72390,18307939,18055731,"Gilbert & George"
/m/0g1ss,58822,0,0,0,0,0,18055749,"Federigo Zuccaro"
,21371056,0,0,0,0,0,18055755,"James Dixon & Sons"
/m/05zs95k,22785776,0,0,0,14952,0,18055797,"William Boswell"
,4050706,0,0,0,0,0,18055839,Rosendahl
/m/051w46k,20611006,0,0,0,0,0,18055849,"Jean Baptiste-Marie Pierre"
/m/01scvf,304903,39471157,0,0,0,0,18055857,"Eliel Saarinen"
,20123501,0,0,0,0,0,18055863,Storeys
/m/03n9g_,902093,0,0,0,0,0,18055877,"Belisario Corenzio"
/m/059k72,1548991,0,0,0,0,18303163,18055881,"Corrado Giaquinto"
,2026865,0,0,0,0,0,18055883,Rodriguez
/m/0gffbjp,30815925,0,0,0,0,0,18055887,"Francesco Coghetti"
/m/03qjljt,15971495,0,0,0,0,0,18055915,"Lois Greenfield"
,766025,0,0,0,0,0,18055931,"John Scott"
/m/0ch1l1q,27901255,0,0,0,0,0,18055939,"Taxile Doat"
/m/04x6x7,1368482,0,0,1879,0,0,18056001,"Howard Finster"
,2079774,0,0,0,0,0,18056003,"Cushman & Wakefield"
/m/08wxj7,3171091,95834380,0,0,0,0,18056027,"Jacques Le Moyne"
,44112,0,0,0,0,0,18056035,"John Dalton"
,13468169,0,0,0,0,0,18056037,"Lynn Goldsmith"
/m/02wwdz7,12574031,0,0,0,0,0,18056049,"Paula White"
,1276634,0,0,0,0,0,18056087,Maharam
/m/02wylxg,12624735,0,0,0,0,0,18056119,"Augustin Hirschvogel"
,774396,0,0,0,0,0,18056151,"Mary Harris"
,22529983,0,0,0,0,0,18056153,"Sarah Harris"
/m/039nyl,766029,0,0,5471,0,0,18056163,"John French Sloan"
,26631329,0,0,0,0,0,18056171,"Barry Lewis"
,3013838,0,0,0,0,0,18056173,"George Thompson"
/m/047mll,1118521,0,0,0,0,0,18056177,"Brian Dewan"
,2012705,0,0,0,0,0,18056209,"Tim Horn"
,3291499,0,0,5933,0,0,18056251,"Rosemarie Trockel"
,36494033,0,0,3923,0,0,18056259,"Leopoldo Mendez"
/m/09tts3,3675374,0,0,0,0,0,18056281,"Ilmari Tapiovaara"
/m/036xzw,735781,0,0,0,0,0,18056285,"Emile-Jacques Ruhlmann"
,5788510,0,0,0,65985,0,18056291,"Christo Javacheff"
,1919667,0,0,559,0,0,18056293,"Max Bill"
/m/0276591,8514603,0,0,0,0,0,18056319,"James McGuigan"
/m/03n0hg,899292,0,0,0,0,0,18056343,"Antoine Denis Chaudet"
/m/0180z2,177199,0,0,0,0,0,18056345,"Charles Percier"
/m/09fly1,3477566,0,0,0,0,0,18056369,"Pierre-Francois-Leonard Fontaine"
,30151183,0,0,0,13321,0,18056381,"Thomas Shotter Boys"
/m/09pbvr,3604091,0,0,0,0,0,18056403,"Demetre Chiparus"
/m/02h8dl,494993,0,0,0,0,0,18056417,"Trenton Doyle Hancock"
,9439111,0,0,0,0,0,18056447,"Nick Waplington"
/m/09_xn,40112,0,0,1364,5875,18299107,18056507,"Salvador Dalí"
/m/0b5f0z,3891922,0,0,0,0,0,18056551,"Joseph Fuchs"
,1191710,0,0,0,0,0,18056645,"Collective for Living Cinema"
/m/052prf,1452234,0,0,4117,0,0,18056695,"Victor Moscoso"
,15526024,0,0,0,61905,0,18056697,"Neon Rose"
,8924169,0,0,0,0,0,18056707,"East Wind"
/m/054l0v,1476925,0,0,0,0,0,18056709,"Jay Chiat"
,12406021,0,0,0,30840,0,18056711,Dottie
,27207667,0,0,8396,0,0,18056721,"John H. Myers"
/m/03dldr,810126,0,0,0,0,0,18056725,"Rick Griffin"
,9753938,0,0,0,0,0,18056727,"Peter Bailey"
/m/0bwzhw,4321009,0,0,0,0,0,18056767,"Peter Butcher"
/m/03p7m0,912428,0,0,0,0,0,18056899,"Samuel Yellin"
/m/0fx4s5,6214185,0,0,0,0,0,18056967,"Serge Lutens"
,2402234,0,0,0,0,0,18056969,"Phil Mitchell"
/m/02p_10k,10020911,0,0,0,0,0,18056975,"Carol Anthony"
/m/02x4d64,12775249,0,0,0,0,0,18056989,"David Strong"
,4148774,0,0,0,0,0,18056997,Larsen
,34405541,0,0,0,0,0,18056999,"Arthur Ignatius Keller"
/m/027cllk,8651269,0,0,0,0,0,18057005,"Carlos Huerta"
,502656,0,0,0,0,0,18057023,"David Stone"
,1154785,0,0,0,0,0,18057025,Albano
,23741770,0,0,0,0,0,18057027,"Mike Hicks"
/m/0c2qzf,4444101,0,0,0,0,0,18057037,"Pier Francesco Mola"
,8232282,0,0,0,0,0,18057039,Ortega
,854669,0,0,0,0,0,18057049,"Antoine Louis Barye"
,34387039,0,0,0,0,0,18057071,"Carlo Amati"
/m/04lgxlg,19285036,0,0,0,0,0,18057081,"Pietro Camporese the Younger"
/m/0g54v6v,30034070,0,0,0,0,0,18057083,"Charles Michel-Ange Challe"
/m/09vzn3,3697407,0,0,0,0,0,18057085,"Charles-Louis Clérisseau"
/m/0417tq,7738095,0,0,0,0,0,18057099,"Claude-Nicolas Ledoux"
/m/0gqktv,6818006,0,0,0,0,0,18057105,"Pierre-Louis Moreau-Desproux"
/m/03gx3_d,14762722,0,0,0,0,0,18057107,"Pierre-Adrien Paris"
/m/04m5yz,1250909,0,0,0,0,0,18057117,"Peter Kuhlman"
,9889497,0,0,0,0,0,18057119,"Mark Peterson"
,20536382,0,0,0,0,0,18057127,"Thomas Strong"
,6897591,0,0,0,0,0,18057129,"W. Baker"
,28326012,0,0,0,0,0,18057137,Planier
,32382203,0,0,0,0,0,18057145,"Luigi Rossini"
/m/0byk96,4350538,0,0,0,0,0,18057147,"André-Jacob Roubo"
,492105,0,0,0,0,0,18057157,Unknown
,492105,0,0,0,0,0,18057161,Unknown
,492105,0,0,0,0,0,18057171,Unknown
/m/0fv4lh,6173130,0,0,3572,0,0,18057187,"Harvey Littleton"
/m/0bg5cm,4062778,0,0,0,0,0,18057249,"Preston Scott Cohen"
/m/0g55chd,30086214,0,0,0,0,0,18057295,"George Schmidt"
,846558,0,0,0,0,0,18057297,IDG
/m/044jl0,1083210,0,0,0,13415,0,18057317,"Lord & Taylor"
,203793,0,0,0,0,0,18057343,"Ministry of Defense, United Kingdom"
,404463,0,0,0,0,0,18057361,"William Spooner"
/m/03cw9g,797666,0,0,0,0,0,18057393,"Filippo Juvarra"
,27756090,0,0,0,0,0,18057421,"Jane Thompson"
/m/0239mx,396043,0,0,0,0,18294807,18057483,"Henri Cros"
,11420899,0,0,0,0,0,18057507,"Villa Demidoff"
/m/02z5bhw,13069809,0,0,0,0,0,18057513,"Jean Dunand"
/m/04gr88_,18883065,16581031,0,0,0,0,18057529,"Roy McMakin"
,24341703,0,0,0,0,0,18057531,"Heath Ceramics"
,1680781,0,0,0,50936,0,18057549,"Aegidius Sadeler"
/m/027695k,8517688,0,0,0,0,0,18057551,"Cherubino Alberti"
/m/0_52,2526,0,0,0,0,0,18057589,"Agostino Carracci"
/m/031ch,11460,0,0,8455,2399,0,18057631,"Ford Madox Brown"
/m/04f57y5,18512349,0,0,0,0,0,18057677,"Jan van de Velde"
,31839648,0,0,0,0,0,18057741,"Colossal Pictures"
/m/05h1_63,21569680,0,0,0,0,0,18057765,"Joaquim Tenreiro"
/m/03dvjd,816238,0,0,0,0,0,18057783,"Bernard Palissy"
,4987566,0,0,0,0,0,18057795,"Oliver Smith"
/m/0282j_j,9272767,0,0,0,0,0,18057803,"Freddy Wittop"
,13297549,0,0,0,0,0,18057821,"Paul Becker"
/m/0gg709b,30889853,0,0,0,15883,0,18057873,"Adriaen Collaert"
,38015,0,0,0,0,0,18057889,Epic
,4855400,0,0,0,0,0,18057937,"Craig Wood"
/m/02fr7_,481729,67278466,0,0,0,0,18057941,"E. Fay Jones"
,26615530,0,0,0,0,0,18057943,"Landers Frary & Clark"
/m/032h4l,681518,0,0,0,0,0,18057953,"Giovanni Paolo Panini"
,6576869,0,0,0,0,0,18057955,"Kristian Vedel"
/m/0cw3g1,4938750,0,0,515,0,0,18057961,"Lucian Bernhard"
/m/02r5tbs,11271126,0,0,0,0,0,18057983,"Marten de Vos"
/m/04rd8_,1304174,56883752,0,0,0,0,18058085,"Edwin Howland Blashfield"
/m/03cx8wq,14189397,0,0,0,0,0,18058131,"Harry Fenn"
,10114327,0,0,0,0,0,18058139,Annin
,6477872,0,0,0,0,0,18058257,Bross
,331133,0,0,333,0,0,18058269,"George Barker"
/m/047ncmk,18084581,0,0,0,0,0,18058275,"Eduardo Zamacois y Zabala"
,12185391,0,0,0,0,0,18058285,"John Andrew"
/m/07k8hz6,23998938,0,0,0,0,0,18058297,"Mary Nimmo Moran"
/m/03cdgcd,13663546,0,0,0,0,0,18058299,"Theodore R. Davis"
,776079,0,0,0,0,0,18058321,"Jacqueline U."
,25313249,0,0,0,0,0,18058327,"Frank Jay Haynes"
/m/03y9bw2,16532086,15073717,0,0,0,0,18058329,"John K. Hillers"
/m/0gg79rv,31035477,0,0,0,0,0,18058337,"Paul Haigh"
/m/09rxc_m,25540081,0,0,0,0,0,18058345,"Jean-Baptiste Lallemand"
/m/0h3wfyf,32740907,0,0,2700,0,0,18058415,"Ludwig Hohlwein"
,13435659,0,0,0,0,0,18058535,Burroughs
/m/07mjbd,2551029,0,0,0,0,0,18058615,"Jean Baptiste Le Prince"
/m/02cw6w,465931,0,0,0,0,0,18058701,"Jonathan Ive"
,31594435,0,0,0,0,0,18058829,Humanscale
/m/093k4j,3289056,0,0,2631,0,0,18058887,"Sheila Hicks"
,3099319,0,0,0,0,0,18058915,"Thomas Lamb"
/m/0bt97h,4269325,0,0,0,0,0,18058945,"McKim Mead and White"
,2688218,0,0,0,0,0,18058957,"Luciano Benetton"
,12483747,0,0,0,0,0,18058961,"Margaret Helfand"
,409346,0,0,0,0,0,18059029,"The Atlantics"
,30181328,0,0,0,0,0,18059073,"Richard H. Mandel House"
,7721638,0,0,7938,0,18306897,18059075,"Tom Dixon"
/m/05rdq_,1725757,0,0,7999,0,18307375,18059077,"Marc Newson"
,18480845,0,0,0,0,0,18059079,"Thomas Radcliffe"
,7792554,0,0,0,0,0,18059093,"""P. Ya"""
,144489,0,0,0,32911,18298309,18059095,"George Smith"
,36475917,0,0,0,0,0,18059127,"William Harrison I"
/m/0f1c9,53604,0,0,3595,0,0,18059131,"Adolf Loos"
/m/02qsr35,10874420,12336802,0,3843,0,0,18059149,"Herbert Matter"
,1533382,0,0,0,0,0,18059187,2x4
/m/0809t46,24822685,0,0,0,0,0,18059199,"Bill Anton"
,3740594,0,0,0,0,0,18059201,"Crane &  Company"
,9376773,0,0,0,0,0,18059357,"Dennis Diderot"
,69761,0,0,399,0,0,18059359,"Herbert Bayer"
/m/02q5y2x,10229040,0,0,0,0,0,18059467,"George Loring Brown"
/m/025_bqy,7362799,0,0,0,0,0,18059481,"Marco Grassi"
,2321438,0,0,0,0,0,18059625,"Bright Star"
,95171,0,0,7241,0,0,18059631,Panasonic
,572737,0,0,0,34884,0,18059659,"Mag Instrument, Inc."
/m/0h3tqv6,32727329,0,0,0,0,0,18059703,"François Vivares"
,21816397,0,0,0,0,0,18059737,"John Jay"
/m/04rf2s,1304471,0,0,0,73755,0,18059897,"Jacques-François Blondel"
,25143253,0,0,3854,0,18307863,18059961,"Ingo Maurer"
/m/02fvkd,482575,0,0,0,0,0,18059963,"Pietro da Cortona"
,1339652,0,0,0,0,0,18060071,Chadwick
/m/02ryhfk,11929859,0,0,0,0,0,18060073,"Nick Butler"
,6832464,0,0,0,0,0,18060075,"Pierre Germain"
,323650,0,0,0,0,0,18060105,PD
,36258085,0,0,0,0,0,18060113,"Antoine Aveline"
,1514470,0,0,0,0,0,18060117,Gerlach
/m/0b75lgg,26189919,0,0,0,0,0,18060121,"Jacques Dumont"
,424488,0,0,0,44570,0,18060133,"Thomas Johnson"
,16358198,0,0,0,0,0,18060151,"Matthias Darly"
,492105,0,0,0,0,0,18060157,Unknown
,3026523,0,0,0,0,0,18060159,"Pieter Coecke van Aelst"
/m/042qjk,1062753,44338254,93033314,0,0,0,18060169,Bachelier
/m/0g133d,6325929,0,0,0,0,0,18060171,"François Cuvilliés"
/m/03fzzx,840184,19737376,0,0,0,0,18060189,"Hendrik Goltzius"
/m/01r0ss,294462,0,0,0,34934,0,18060193,"Anthony van Dyck"
,214028,0,0,0,0,18300735,18060209,"Antonio Canale"
/m/03cmpp,794886,17495441,0,1116,0,0,18060211,"Howard Chandler Christy"
,36258337,0,0,0,49401,0,18060217,"Pierre-Alexandre Aveline"
,1461628,0,0,0,0,0,18060219,Bonneval
/m/07xh71,2679858,0,0,0,0,0,18060257,"Thomas Heming"
,6916168,0,0,0,0,0,18060273,Nichia
/m/06zm_xl,23690207,0,0,0,0,0,18060283,"Maarten Vrolijk"
/m/02gx21,491662,0,0,0,0,0,18060335,"Henry Van de Velde"
,937791,0,0,0,0,0,18060345,"Barbara Brown"
,9906294,0,0,0,4078,0,18060351,"Johann Sebastian Bach"
,1018656,0,0,0,0,0,18060355,Dubois
/m/0g5rswb,30455296,0,0,0,73149,0,18060427,"Jacques Chereau"
/m/05n_kgm,22130580,0,0,0,0,0,18060429,"Jacques-Gabriel Huquier"
,34695165,0,0,0,45504,0,18060443,"Charles Wild"
,3401545,0,0,0,4690,0,18060447,"William Henry Hunt"
,6488257,0,0,0,0,0,18060467,"English School"
,681419,0,0,0,0,0,18060471,"James Roberts"
,1714377,0,0,0,0,0,18060483,"L. Rossi"
,1030,0,0,0,0,0,18060487,"Austrian School"
/m/0h51nqv,33035325,0,0,0,0,0,18060489,"George Pyne"
,2438128,0,0,0,0,0,18060493,"Rudolf von  Alt"
/m/05cckk,1571751,0,0,0,0,0,18060511,"Edward Lamson Henry"
,3318467,0,0,0,0,0,18060513,"Franz Alt"
/m/0hhtzp6,33816683,0,0,0,0,0,18060517,"Anna Alma-Tadema"
/m/06jp6v,2065441,17218920,0,479,8868,0,18060523,"Alexander Benois"
/m/02pldt4,9599848,0,0,0,0,0,18060539,"Matthäus Günther"
/m/03c3svm,13391189,0,0,0,0,0,18060549,"Marian Bantjes"
/m/026jy7k,7916042,0,0,0,0,0,18060565,"Frederick S. Church"
,11758645,0,0,0,0,0,18060719,"Abraham Gallatin"
/m/0h0qh2,7021089,0,0,0,0,0,18060735,"Rolls Razor, Ltd."
,6578686,0,0,0,15104,0,18060861,"John Hamilton"
/m/05zmpx7,22691338,0,0,0,3726,0,18060863,"Henry Spicer"
,21712069,0,0,0,0,0,18060881,"John Pennington"
/m/06zr9s4,23774395,0,0,0,0,18306823,18060899,"Tord Boontje"
,277327,0,0,0,0,0,18060947,"Bill Graham"
/m/0307q6,656994,0,0,0,1844,18298903,18060985,"Suzuki Harunobu"
,310154,0,0,0,0,0,18060989,"Utagawa Toyokuni"
,44888,0,0,0,0,0,18061035,Schubert
/m/06q07,26989,0,0,0,7944,0,18061051,"Sony Corporation"
/m/047gblb,17736407,0,0,0,0,0,18061097,"Wilhelm Koch"
,35952541,0,0,0,0,0,18061105,"Francis Lycett"
/m/027h6zr,8746022,0,0,0,9691,0,18061137,"Battista Franco"
/m/0g5s1dm,30341180,0,0,0,0,0,18061145,"Jakob Frey"
/m/0807vrb,24763749,0,0,0,0,0,18061159,"Joseph Muller"
/m/07xr4m,2683203,0,0,0,0,0,18061191,"Gerard Audran"
/m/0bskk2,4254029,0,0,0,0,0,18061199,"Ferdinand Alexander Porsche"
,9482391,0,0,8611,0,0,18061213,"Thomas Demand"
/m/03lnqz,884795,0,0,0,0,0,18061223,"Luigi Vanvitelli"
/m/0ch57ph,27896932,0,0,0,0,0,18061235,"Pierre-Francois Basan"
/m/0crhj7k,28489375,0,0,2968,0,0,18061267,"Jacob Kainen"
/m/0hgps_j,33529249,0,0,0,0,0,18061277,"Sheila Bridges"
,1345118,0,0,0,0,0,18061293,Anstey
/m/02x3qks,12761633,0,0,0,0,0,18061309,"M. Louise McLaughlin"
,2724271,0,0,0,0,0,18061315,EDRA
/m/0dkf44,5406324,0,0,0,0,0,18061393,"Sarah Dunsworth"
,35198692,0,0,0,0,0,18061421,"Janice Arnold"
/m/011wgw,141986,0,0,0,0,0,18061469,"Toussaint L'Ouverture"
,15057312,0,0,0,0,0,18061521,"Louise Campbell"
,35190500,0,0,0,0,0,18061551,"H. Stern"
/m/02r03rq,11102940,0,0,0,0,0,18061559,"Jessica Helfand"
/m/0gqktv,6818006,0,0,0,0,0,18061565,"Pierre Louis Moreau Desproux"
/m/01qx3t,293476,0,0,0,0,0,18061569,"Stora Enso"
,457368,0,0,0,58477,0,18061575,Warner
/m/0g5pymw,30349148,0,0,0,0,0,18061581,"Tokujin Yoshioka"
/m/027htkr,8760883,0,0,0,0,0,18061607,"Edison Electric Institute"
,1312765,0,0,0,0,0,18061613,"Michael Angelo"
/m/0279p_c,8605437,0,0,0,0,0,18061621,"Dominique Collin"
,4741764,0,0,0,0,0,18061647,Elios
/m/037cm1,740716,0,0,0,44568,0,18061653,"Richard Cosway"
,6389085,0,0,0,3665,0,18061657,"John Miers"
,21249091,0,0,0,0,0,18061663,Lexon
/m/0gtwcsf,4447098,0,0,0,0,0,18061681,"Théodore de Bry"
,56293,0,0,0,0,0,18061687,"Clive Sinclair"
/m/03g_3z,849999,0,0,0,61714,0,18061689,"Sinclair Radionics Ltd."
/m/08rm9c,3103351,0,0,0,0,0,18061693,"Parfums Caron"
/m/0274yhv,8478734,0,0,0,0,0,18061757,"Francesco Piranesi"
,13145126,0,0,0,0,0,18061773,Ugen
,2515237,0,0,0,0,0,18061813,"William Frend De Morgan"
/m/0h1h0xf,32563064,0,0,0,0,18307637,18061981,"Halsey Ricardo"
/m/03hgkm,854318,0,0,0,0,0,18062025,"Gerard Edelinck"
,30043168,0,0,0,0,0,18062027,Arrivet
/m/0dcggz,5282846,0,0,0,0,0,18062069,"Rebecca Knox"
,30613064,0,0,0,0,0,18062071,"Sarah Phillips"
/m/0cn_8qq,28246115,0,0,0,0,0,18062075,"Margaret Dennis"
,16249666,0,0,0,0,0,18062077,"Sarah Beckett"
/m/0gx2n1x,32085218,0,0,0,0,0,18062081,"Jane Fraser"
/m/04lf16z,19297781,0,0,0,0,0,18062099,"Claude Guy Hallé"
/m/09s0_x,3647044,0,0,2423,0,0,18062129,"Renato Guttuso"
/m/0hmx4,66910,0,0,1500,0,0,18062133,"André Derain"
/m/08mfv0,3038971,44307245,0,1935,0,0,18062135,"Jean-Louis Forain"
,4732652,0,0,6545,0,18302335,18062137,"Zao Wou-ki"
/m/03c9x6p,13577556,0,0,0,0,0,18062201,"Tom Kundig"
,442610,0,0,0,0,0,18062245,Arco
,41555,0,0,0,0,0,18062249,Pilot
,8851020,0,0,0,0,0,18062279,"David Rockwell"
/m/03grc43,33746269,0,0,0,0,0,18062281,"Materialise NV"
/m/02rk2rm,11581481,0,0,0,0,0,18062325,"Jennifer Robertson"
,18947898,0,0,0,0,0,18062333,"Amnesty International"
,2828310,0,0,0,0,0,18062339,"Daniel Gross"
,24853349,0,0,0,0,0,18062367,Nendo
/m/0hr6y1t,34052767,0,0,0,0,0,18062369,"James Montalbano"
/m/09fc4k,3472974,0,0,0,0,0,18062399,"Eton Corporation"
,518483,0,0,0,0,0,18062487,Trove
/m/05fpg1,1600591,0,0,0,0,0,18062553,"Bill Moggridge"
,2032943,0,0,0,0,0,18062585,"Susan Lewis"
/m/06cq3x,1995914,0,0,1314,0,0,18062597,"Wim Crouwel"
/m/0179y,3712,0,0,0,0,0,18062607,"Bell Telephone Laboratories"
,2307762,0,0,0,0,0,18062611,"Harry Powell"
,1049279,0,0,0,9194,0,18062625,"Martin Sharp"
,34330608,0,0,0,0,0,18062681,"Greenwich School"
,202147,0,0,0,0,0,18062711,"Fanny Hill"
,524354,0,0,0,0,0,18062741,Katy
/m/0l057,81669,54156251,0,0,0,0,18062761,"Claude Lorrain"
/m/05h1sv6,21484873,0,0,0,0,0,18062773,"William Brooke Thomas Trego"
,11748686,0,0,0,0,0,18062783,"Edward Pond"
/m/06zn0m5,23777798,0,0,5753,0,0,18062789,"Waldemar Swierzy"
/m/0b68gb,3908184,96056622,0,5189,0,0,18062793,"Jan Sawka"
,476888,0,0,0,0,0,18062797,"Guerilla Girls"
/m/03cg9k8,13724649,0,0,6539,0,0,18062817,"Wojciech Zamecznik"
/m/0hgq5f2,33557891,0,0,3970,0,0,18062847,"Tomoko Miho"
/m/06ldv1,2089161,0,0,3480,0,0,18062853,"Jan Lenica"
/m/02w4hr_,12417903,0,0,4212,0,0,18062857,"Makoto Nakamura"
,13528929,0,0,0,0,0,18062859,"Noriaki Yokosuka"
/m/01nz1q6,34350,0,0,4410,52492,0,18062861,"Yoko Ono"
,181651,0,0,540,12452,0,18062863,"Joseph Beuys"
/m/02rt28n,11803921,0,0,0,0,0,18062869,"Kishin Shinoyama"
,369661,0,0,0,34921,18306905,18062871,"James Dyson"
,13461640,0,0,0,0,0,18062873,"Dyson Ltd."
/m/0crj46,4862821,73895789,0,0,0,0,18062905,"Philip Galle"
,14391978,0,0,0,0,0,18062911,Rodarte
,197295,0,0,2018,0,0,18062937,"Roger Eliot Fry"
,221889,0,0,0,0,0,18062959,"Louis Rene Edouard, Cardinal de Rohan"
,2831913,0,0,0,0,0,18062991,"Herter Brothers"
,2602334,0,0,0,0,0,18063011,"Helmut Lang"
,21367432,0,0,0,0,0,18063071,Kunstgewerbeschule
/m/0ct0_n,4895781,0,0,0,0,0,18063085,"Collins & Aikman"
/m/06c99g,1989637,0,0,0,0,0,18063127,"Pierre Boitard"
/m/01qd1p,288726,0,0,0,13826,0,18063155,"U. S. Government Printing Office"
/m/07yhzb,30864221,25542313,0,7229,0,0,18063235,"Rafael Viñoly"
,14391978,0,0,0,0,0,18063239,"Kate Mulleavy"
,14391978,0,0,0,0,0,18063241,"Laura Mulleavy"
/m/0jt50kt,35774639,0,0,0,0,0,18063283,"Wilhelm Kage"
/m/02x2_dw,12744828,0,0,0,0,0,18063309,"Seth Wells Cheney"
,1012922,0,0,0,0,0,18063311,"John Bennett"
/m/01kqx9,247008,0,0,0,0,0,18063313,"Paul Manship"
/m/080mq_3,24739808,0,0,0,0,18307841,18063363,"Erwan Bouroullec"
/m/080mq_3,24739808,0,0,0,0,0,18063365,"Ronan Bouroullec"
/m/09yllr,3743118,0,0,0,0,0,18063401,"Bartolomeo Pinelli"
,4373044,0,0,0,0,0,18063453,"Sir James Thornhill"
/m/05c2d21,21152341,0,0,0,0,0,18063467,"Zdenek  Ziegler"
,33415909,0,0,0,0,0,18063481,"Pedro Almodóvar Caballero"
,1093884,0,0,0,0,0,18063485,"Fritz Fischer"
/m/0b1kdl,3818361,0,0,0,0,0,18063493,"Wieslaw Walkuski"
,29837809,0,0,0,0,0,18063495,"Anne Allen"
/m/07k6s35,24134069,0,0,4468,0,0,18063497,"Andrzej Pagowski"
/m/03cg0nq,13715313,0,0,0,0,0,18063503,"Stanislaw Zamecznik"
,35756587,0,0,0,0,0,18063553,"Jacques Delisle"
,18224213,0,0,0,0,0,18063555,"Walter Pfeiffer"
,27486268,0,0,0,0,0,18063565,"Robert & Durrer"
/m/02rv2l5,11837063,0,0,0,0,0,18063597,"Karl Eckert"
,10430036,0,0,0,0,0,18063605,"Kunsthaus Zurich"
/m/0dslqy,5560288,0,0,0,0,0,18063621,"Amanda Levete"
/m/02qxsth,11002161,52768161,0,0,0,0,18063623,"Lars Spuybroek"
/m/0bttbz,4278757,0,0,0,0,0,18063627,"Javier Mariscal"
/m/0bh7pfy,26654447,0,0,0,0,0,18063633,"Javier Gutierrez"
,34171128,0,0,0,0,0,18063635,"Gaumont International"
/m/02qq_v4,10818359,0,0,0,0,0,18063821,"Helen Hyde"
,21476805,0,0,0,0,0,18063853,"I E W"
/m/04q9m6,1288229,0,0,0,0,0,18063861,"Johann Ritter"
/m/02x2phs,12736804,0,0,0,0,0,18063863,"Franz Mayer"
/m/05jnh7,1637742,0,0,0,0,0,18063875,"Ron Michaelson"
,34052,0,0,0,10366,0,18063883,"Warner Bros. Entertainment, Inc."
,6229565,0,0,0,0,0,18063927,"Borden Company"
,13362806,0,0,0,0,0,18063945,"Stuart Karten Design"
/m/04lj5kh,19163577,0,0,0,0,0,18064155,"Albert Herbert"
/m/06_wwc,2272644,0,0,0,0,0,18064203,"Daina Taimina"
/m/0dn1hn,24539248,0,0,0,0,0,18064229,"Wolf Bauer"
/m/05c2qqn,21097999,0,0,0,0,0,18064267,"David Kupfer"
,7664801,0,0,0,0,0,18064273,3M
,883619,0,0,0,0,0,18064301,"Willem van de Velde the Elder"
/m/0413n3c,16966246,0,0,0,0,0,18064331,"Charles Rohault de Fleury"
,25169908,0,0,0,0,0,18064335,Frantz
/m/0h1c39f,32581609,0,0,0,12027,0,18064411,"Kevin Coates"
/m/0m3vt,88272,105372100,0,0,0,0,18064413,"Edward Gorey"
/m/02x9t7x,12885790,0,0,0,0,0,18064415,"Samuel Wilkinson"
/m/027t175,9003132,0,0,0,39664,0,18064545,"Remigio Cantagallina"
/m/02r14jd,11133814,0,0,0,0,0,18064549,"Giulio Parigi"
/m/02psm2l,9801122,0,0,0,0,0,18064673,"Giacinto Gimignani"
/m/02x68y7,12821261,0,0,0,0,0,18064681,"Giuseppe Marullo"
/m/09v7gmc,25666261,0,0,0,0,0,18064689,"Francesco Manno"
/m/02qt0jy,10885547,0,0,0,0,0,18064695,"Francesco de Mura"
/m/026qknc,8075715,0,0,0,0,0,18064705,"Massimo Stanzione"
/m/02pjbbg,9540622,0,0,0,0,0,18064707,"Andrea Vaccaro"
/m/0g1slz,6338971,0,0,0,0,0,18064711,"Mattia Preti"
,3624726,0,0,0,0,0,18064717,"Angelo Solimena"
/m/03sssv,951465,0,0,0,0,0,18064719,"Giacomo Cavedone"
/m/04yd1_p,20199882,0,0,0,0,0,18064735,"Anton Sminck Pitloo"
/m/03cx6k0,14186738,0,0,0,0,0,18064737,"Vespasiano Strada"
,1928013,0,0,0,0,0,18064831,"Linda Thompson"
,10673,0,0,0,0,0,18064839,Myrical
,342921,0,0,0,0,0,18064869,Positano
,939515,0,0,0,0,0,18064965,Sirrah
/m/0141bc,153629,0,0,0,0,0,18064979,Grindal
/m/0g_nq,63150,34459370,0,6624,0,18295329,18065033,"Fernand Leger"
/m/05r7xj,1723810,0,0,0,0,0,18065059,"Robert Peak"
,9344121,0,0,0,0,0,18065085,"Lazaro Hernandez"
,9344121,0,0,0,0,0,18065087,"Jack McCollough"
/m/02858gq,9344121,0,0,0,0,0,18065091,"Proenza Schouler"
,1771384,0,0,0,0,0,18065107,"Casa da Música"
,30433662,0,0,0,74878,0,18065129,"Ford Motor Company"
/m/013pf1,151356,0,0,0,0,0,18065155,"Angelika Kaufmann"
/m/0cw175,4937211,0,0,0,0,0,18065167,"Paolo Roberto"
/m/0413300,16950557,0,0,0,0,0,18065297,"American Can Company"
/m/0f1ct,53607,92666920,0,5676,0,0,18065309,"Edward Durell Stone"
,3366732,0,0,0,0,0,18065323,"Frederick Law Olmsted Jr."
,30502932,0,0,0,0,0,18065337,"Lockwood de Forest"
/m/0420yl0,17116215,0,0,0,0,0,18065355,"Anna Maria Garthwaite"
,11360535,0,0,0,0,0,18535487,"Jeff Barnes"
/m/03b7j3,772190,0,0,248,4189,0,18535489,"Richard Avedon"
,30603293,0,0,0,0,0,18535505,Blechman
/m/01pyt1,285438,0,0,1633,6075,0,18535555,"Jean Dubuffet"
,23562071,0,0,0,0,0,18535585,"Hans Hansen"
,2165431,0,0,0,0,0,18535587,"Peter Cornelius"
/m/04lgj6f,19300740,0,0,0,41607,0,18535621,"Peter Good"
/m/01zplk,354408,0,0,2252,0,0,18535625,"Arshile Gorky"
,44743,0,0,0,0,18306075,18535631,"Thomas Hardy"
/m/01jkt6,238341,99899880,0,2678,0,0,18535633,"David Hockney"
,1481458,0,0,0,0,0,18535639,Hixo
/m/0gcjf,60148,49252397,0,2923,0,0,18535645,"Jasper Johns"
,2698517,0,0,3016,0,0,18535651,"Alex Katz"
,27418615,0,0,0,0,0,18535685,"William McCaffery"
/m/01vntm,322247,0,0,0,3222,0,18535691,"Issey Miyake"
,26924711,0,0,0,0,0,18535701,Modell
,364964,0,0,0,0,0,18535703,Mulhouse
/m/06qds8,2149236,0,0,0,0,0,18535741,"Ernest Flagg"
/m/08cnqq,2920109,0,0,0,0,0,18535743,"Tinker Hatfield"
/m/02rv_qm,11863030,0,0,0,0,0,18535767,"Antonio Gentile"
/m/0f1j3,53625,95771937,0,8101,0,0,18535769,"Paolo Soleri"
,34743603,0,0,5950,0,0,18535781,"George Tscherny"
/m/0cnyr23,28301049,0,0,6524,0,0,18535795,"Jack Youngerman"
,36444879,0,0,0,0,0,18535821,"Tyler Smith"
/m/03z19,23430752,0,0,0,0,0,18535837,"Internal Revenue Service"
/m/026h1w,421246,0,0,0,54133,0,18535843,"J.C. Penny"
,347301,0,0,0,0,0,18535845,"Levi Strauss"
,23577591,0,0,0,0,0,18535855,Oliphant
/m/03by15,782039,0,0,6260,0,0,18535861,"Carleton E. Watkins"
/m/015dvh,161535,0,0,0,0,0,18535891,"National Park Service"
/m/01g4m_,220018,3263619,0,0,0,0,18535919,"Thomas Sheraton"
,13069319,0,0,0,0,0,18535925,"Jean-Michel Frank"
,1042192,0,0,0,73746,0,18535945,"John Jackson"
,12892149,0,0,0,75810,0,18535959,"James Lewis"
/m/02r6rcb,11296337,0,0,0,0,0,18536125,"Francesco Allegrini"
/m/03csd24,14062493,0,0,0,0,0,18536129,"Antonio Baldi"
/m/03cz9vp,14254814,0,0,0,0,0,18536149,"Paolo Caronni"
/m/0hr5wkd,34076323,0,0,0,0,0,18536163,"Benoit Farjat"
,34520182,0,0,0,0,0,18536227,"SAS [Scandinavian Airlines System]"
,16954294,0,0,0,0,0,18536235,"T. Johnson"
/m/065_rvq,23231325,0,0,0,0,0,18536251,"Marco Glaviano"
/m/017l96,174650,0,0,0,38586,0,18536261,"Capitol Records"
,6832757,0,0,0,0,0,18536265,"Chelsea Porcelain Manufactory"
/m/06w97mn,23445969,0,0,0,0,0,18536277,"Bela Borsodi"
/m/01hlzm,231026,0,0,0,0,0,18536279,Citibank
/m/024ztf,410200,0,0,3123,0,0,18536297,"Poul Kjaerholm"
,5572776,0,0,0,0,0,18536307,"Mary Richards"
,13281625,0,0,0,0,0,18536311,"Anna Williams"
,27539343,0,0,0,0,0,18536333,"Mrs. Watson"
/m/09p4y4,3600867,0,0,0,0,0,18536349,"Ackworth School"
/m/09dgqj,3457421,46808185,0,0,0,0,18536373,"Serge Ivan Chermayeff"
,2114114,0,0,0,0,0,18536383,"Tod Williams"
/m/0cl7cd,4748112,0,0,0,0,0,18536387,"Wes Wilson"
,1769054,0,0,0,0,0,18536389,"Matthew Baird"
,12793821,0,0,0,0,0,18536411,"Sarah Barrett"
,288153,0,0,0,0,0,18536453,"Abigail Freeman"
,4386474,0,0,0,0,18303901,18536507,Christofle
,364576,0,0,0,0,0,18536563,"Marmon Motor Car Company"
,7189031,0,0,0,34590,0,18536565,Boucher
/m/01rzkj,301708,0,0,4324,0,0,18536617,"Isamu Noguchi"
/m/03n20b,899786,0,0,0,0,0,18536621,"Zenith Radio Corporation"
/m/09gjd2,3493570,0,0,4967,0,0,18536623,"Terence Harold Robsjohn-Gibbings"
,27997634,0,0,0,38164,18299451,18536723,"Newcomb Pottery"
,29568348,0,0,0,40670,0,18536809,"Richard Watson"
/m/08_6ld,3219622,0,0,0,0,0,18536811,"Jason Short"
/m/026v5,7952,0,0,0,0,0,18536817,"Digital Equipment Corporation"
,484143,0,0,6210,0,0,18536857,"Otto Wagner"
/m/09jv4p,3531525,77118926,0,0,0,0,18536903,"Joseph Urban"
,4853525,0,0,0,0,0,18536907,"William Moore"
/m/0635bb,1878698,0,0,2702,0,0,18536969,"Steven Holl"
,1329896,0,0,0,0,0,18537089,Kronach
,4783110,0,0,0,0,0,18537187,Belleek
/m/07bvsh,2420659,0,0,7261,0,0,18537201,"Poul Henningsen"
,18418394,0,0,0,0,0,18537209,"Thomas Bentley"
,16295,0,0,6278,0,18297569,18537211,"Josiah Wedgwood"
/m/0bs2hq3,26993239,0,0,0,0,0,18537277,"Guy Boucher"
,33258107,0,0,0,35442,0,18537299,"Thomas Mayer"
,16492570,0,0,0,0,0,18537301,"Thomas Godwin"
/m/02rxmp3,11910434,0,0,0,0,0,18537307,"Enoch Wood"
,165654,0,0,0,0,0,18537309,"Thomas Wolfe"
/m/02rd4sq,11451395,0,0,0,0,0,18537327,"Artur Braun"
/m/04hj22,1209986,0,0,0,0,0,18537329,"Fritz Eichler"
/m/04213tt,17105055,0,0,0,0,0,18537331,"Max Braun"
,36335476,0,0,0,0,0,18537389,"Edith Brown"
,32170070,0,0,0,0,0,18537399,"Agostino Brunias"
,2678120,0,0,0,0,0,18537437,CGM
,34968715,0,0,4268,0,0,18537453,"Walter von Nessen"
,945992,0,0,0,0,0,18537459,"Alexander Anderson"
,9132,0,0,0,68183,0,18537465,"Dale Chihuly"
,12749495,0,0,0,0,0,18537481,Clen
,31397653,0,0,0,0,0,18537483,Manade
,910432,0,0,5197,0,0,18537489,"Carlo Scarpa"
,381605,0,0,4257,31615,18308193,18537495,"George Nelson"
/m/09lxzz,3565526,0,0,0,0,0,18537497,"Howard Miller Clock Company"
,504001,0,0,0,0,0,18537501,Clignancourt
/m/036dhk,730353,0,0,0,0,0,18537509,"Luigi Colani"
/m/0gp0s8,6789330,54252791,2002000308,0,0,0,18537517,"Peter Coles"
,6912859,0,0,0,0,0,18537525,"James O'Halloran"
,1754021,0,0,0,0,0,18537527,"Terence Conran"
,3307645,0,0,0,0,0,18537533,Schick
/m/05myhlw,21696032,0,0,0,0,0,18537537,"Enrico Coveri"
,34380254,0,0,0,0,0,18537571,"Dazey Corporation"
,149681,0,0,0,52147,0,18537577,Beck
,146801,0,0,0,4071,0,18537601,Corneille
/m/0gvv1x7,31883967,0,0,0,0,0,18537667,"Walter Maria Kersting"
/m/076t9s1,23890563,0,0,0,0,0,18537695,"Jordan Doner"
/m/030hz6,659591,0,0,0,0,0,18537697,"Ronaldus Shamask"
,2591196,0,0,0,0,0,18537715,Aubusson
,206481,0,0,0,0,0,18537727,Elam
/m/0b6gw8t,25947563,0,0,0,0,18307985,18537745,"William Eley"
/m/04rhlw,1305464,0,0,0,0,0,18537773,"Etienne-Maurice Falconet"
/m/0czddqq,28723550,0,0,0,0,0,18537799,"Roger Ferriter"
/m/01gh24,222599,17260670,0,0,72310,0,18537805,"John Flaxman"
,946362,0,0,0,0,0,18537833,Samsonite
/m/03gy3jd,14793258,0,0,0,0,0,18537841,"Franz Cizek"
,8946437,0,0,0,42898,0,18537899,"John Hewitt"
/m/02v_jff,12330197,0,0,6559,0,0,18537909,"Carlo Zen"
,8899992,0,0,0,0,0,18537949,"Fred Brown"
/m/0854b,33807,24663766,0,2359,34571,0,18537963,"Walter Gropius"
,17031923,0,0,0,0,0,18537975,"Ruth Asawa"
/m/052175v,20693172,0,0,0,0,0,18538027,"Raoul Pène DuBois"
/m/02r2jsw,11173585,0,0,0,0,0,18538099,"William Drenttel"
,208445,0,0,0,0,0,18538145,"David Adler"
,36373886,0,0,0,0,0,18538189,"Warren Platner"
,24461802,0,0,0,0,0,18538205,"Robert Valentine"
,5417392,0,0,0,0,0,18538211,"Anthony Russo"
,335382,0,0,0,0,0,18538243,"Bell South"
,449039,0,0,0,0,0,18538269,Yamato
/m/073p76,2321821,0,0,0,0,0,18538351,"Andrea Sacchi"
/m/049_9l,1142540,0,0,36,0,0,18538405,"Eero Aarnio"
/m/0bvlpb,4294295,0,0,8062,0,0,18538415,"Hans Coray"
/m/07p6t_,2577264,39646235,0,4394,6445,0,18538421,"Joseph Maria Olbrich"
/m/065kvh,1911257,0,0,0,0,0,18538435,Henckels
,988163,0,0,0,0,0,18538465,Expansion
/m/02vy8nr,12267479,0,0,0,9241,0,18538493,"Robert Cruikshank"
/m/09v9x8w,25688979,0,0,0,0,0,18538495,"Richard Dighton"
,1224435,0,0,0,0,0,18538503,"John Brodie"
/m/02w8wcy,12492264,0,0,0,0,0,18538509,"James Byres"
/m/080pr82,24776946,0,0,0,57784,0,18538511,"Carlo Giuliano"
,35574367,0,0,0,0,18297149,18538545,"Klaus Moje"
,3817710,0,0,0,0,0,18538547,Kandern
/m/03f6j85,4480582,0,0,0,0,0,18538561,"Paul Speck"
/m/0b5x4x,30859473,0,0,0,0,0,18538573,"Sir Jeffry Wyatville"
/m/0h654c,7137356,0,0,0,0,0,18538579,"Domenico Antonio Vaccaro"
,5409750,0,0,0,0,0,18538625,"Antonio Lopez"
,12984243,0,0,0,0,0,18538635,"Page Wood"
/m/0gg8pd1,30832561,0,0,0,0,0,18538643,"Laurie Rosenwald"
/m/0269_qf,7724383,0,0,0,33448,0,18538665,"Henry Alken"
/m/0h68s8j,33134628,0,0,0,0,0,18538693,"Sid Daniels"
,578658,0,0,0,0,0,18538719,"Robin Roberts"
/m/087q0f,2864948,0,0,0,11512,0,18538803,"André-Charles Boulle"
,5924216,0,0,0,0,0,18538805,Kahla
,3004044,0,0,0,0,0,18538811,Fraureuth
/m/06_vrx2,23850059,0,0,4999,0,0,18538889,"Gilbert Rohde"
/m/05sz9jx,22364221,0,0,0,0,0,18538919,"Artur Berger"
/m/02z1jsb,12963288,0,0,0,0,18308519,18538965,"Yves Béhar"
/m/027s_wt,9002363,0,0,7588,0,18307187,18539061,"Marcel Wanders"
,4522644,0,0,0,13416,0,18539069,"Lucien Lelong"
/m/0h973m2,33455863,0,0,0,0,0,18539113,"Heidelberg Painter"
/m/072427,2301208,0,0,0,0,0,18539153,"Louis Carrogis"
,3001954,0,0,0,0,0,18539211,Weissenberg
/m/0276vb2,8531196,0,0,0,0,0,18539221,"Vincenzo Brenna"
,17839,0,0,0,648,0,18539239,"London Underground"
/m/027jchd,8777224,0,0,0,0,0,18539241,"Hideko Takahashi"
/m/075_fl,2353424,47654143,0,4197,0,0,18539247,"Elie Nadelman"
,18450562,0,0,0,0,0,18539253,Kyte
,17480034,0,0,0,0,0,18539285,"Adelaide Alsop Robineau"
,5596805,0,0,0,37338,0,18539287,"Artus Van Briggle"
,25640441,0,0,0,0,0,18539309,"Felix the Cat Productions"
/m/05f7_z7,21452570,0,0,0,0,0,18539311,"Bruno Monguzzi"
/m/0dyb08,5651864,0,0,0,0,0,18539343,"Dan Reisinger"
,11615214,0,0,0,0,0,18539377,"Gustave Baumann"
/m/01b7lc,191921,0,0,0,0,0,18539387,"Art Center College of Design"
/m/05xxhp,1798700,0,0,0,0,0,18539407,"Edmé Bouchardon"
,44517,0,0,0,12412,0,18539409,"François Boucher"
/m/04y95jm,20113885,0,0,0,0,0,18539457,"Peter Shire"
,4268907,0,0,0,0,0,18539477,"Moss Rose"
/m/04xr86,1375125,0,0,0,0,0,18539487,"Heinrich Vogeler"
,299978,0,0,0,0,0,18539553,"John Davison Rockefeller Jr."
,18127615,0,0,0,0,0,18539563,"Chris Taylor"
